SET session_replication_role = replica;

--
-- PostgreSQL database dump
--

-- Dumped from database version 15.6
-- Dumped by pg_dump version 15.6

SET statement_timeout = 0;
SET lock_timeout = 0;
SET idle_in_transaction_session_timeout = 0;
SET client_encoding = 'UTF8';
SET standard_conforming_strings = on;
SELECT pg_catalog.set_config('search_path', '', false);
SET check_function_bodies = false;
SET xmloption = content;
SET client_min_messages = warning;
SET row_security = off;

--
-- Data for Name: audit_log_entries; Type: TABLE DATA; Schema: auth; Owner: supabase_auth_admin
--

INSERT INTO "auth"."audit_log_entries" ("instance_id", "id", "payload", "created_at", "ip_address") VALUES
	('00000000-0000-0000-0000-000000000000', 'a224a158-78ec-47d6-83f0-a547d138bf44', '{"action":"user_confirmation_requested","actor_id":"8574d351-88bf-4b65-9e82-20029e8cb725","actor_username":"jonathantbenn@gmail.com","actor_via_sso":false,"log_type":"user","traits":{"provider":"email"}}', '2024-12-03 23:10:56.339794+00', ''),
	('00000000-0000-0000-0000-000000000000', '6147ded6-d2a7-4a7e-a799-44b572826f9b', '{"action":"user_confirmation_requested","actor_id":"8574d351-88bf-4b65-9e82-20029e8cb725","actor_username":"jonathantbenn@gmail.com","actor_via_sso":false,"log_type":"user","traits":{"provider":"email"}}', '2024-12-03 23:14:15.665962+00', ''),
	('00000000-0000-0000-0000-000000000000', '2b13209d-9cb1-4732-97cd-084b5a49fe4c', '{"action":"user_confirmation_requested","actor_id":"8574d351-88bf-4b65-9e82-20029e8cb725","actor_username":"jonathantbenn@gmail.com","actor_via_sso":false,"log_type":"user","traits":{"provider":"email"}}', '2024-12-03 23:18:22.014904+00', ''),
	('00000000-0000-0000-0000-000000000000', '13189a88-483d-44ba-9640-28eeba87809b', '{"action":"user_confirmation_requested","actor_id":"8574d351-88bf-4b65-9e82-20029e8cb725","actor_username":"jonathantbenn@gmail.com","actor_via_sso":false,"log_type":"user","traits":{"provider":"email"}}', '2024-12-03 23:27:01.450583+00', ''),
	('00000000-0000-0000-0000-000000000000', '0d28b005-e5c9-472e-880d-5e255483bd4c', '{"action":"user_confirmation_requested","actor_id":"8574d351-88bf-4b65-9e82-20029e8cb725","actor_username":"jonathantbenn@gmail.com","actor_via_sso":false,"log_type":"user","traits":{"provider":"email"}}', '2024-12-03 23:29:58.235162+00', ''),
	('00000000-0000-0000-0000-000000000000', '1aece5f5-2b26-4682-bccc-26a58aa37be9', '{"action":"user_confirmation_requested","actor_id":"49510c1a-6ea7-428f-9743-eeddacf528dd","actor_username":"bonjennprojects@gmail.com","actor_via_sso":false,"log_type":"user","traits":{"provider":"email"}}', '2024-12-03 23:33:01.22307+00', ''),
	('00000000-0000-0000-0000-000000000000', 'b1d05db8-42ac-456e-b41b-77dc781cd9fb', '{"action":"user_confirmation_requested","actor_id":"9a581da5-bfea-47bc-87ef-3873a112a250","actor_username":"fckformfitness@gmail.com","actor_via_sso":false,"log_type":"user","traits":{"provider":"email"}}', '2024-12-03 23:36:11.506807+00', ''),
	('00000000-0000-0000-0000-000000000000', 'acad41bf-f886-483b-8128-cbbcfbabd376', '{"action":"user_confirmation_requested","actor_id":"a4f3d1e7-9648-459b-8ac9-a957560a9f65","actor_username":"adobehousevideos@gmail.com","actor_via_sso":false,"log_type":"user","traits":{"provider":"email"}}', '2024-12-03 23:38:55.352337+00', ''),
	('00000000-0000-0000-0000-000000000000', '43741218-ac83-49ca-a5c9-d8c685140692', '{"action":"user_confirmation_requested","actor_id":"809663d2-bedf-40b4-af5e-2beb5a93adf8","actor_username":"kanyewest@gmail.com","actor_via_sso":false,"log_type":"user","traits":{"provider":"email"}}', '2024-12-03 23:40:51.378743+00', ''),
	('00000000-0000-0000-0000-000000000000', '120cc347-014a-4286-a329-9098d5590a22', '{"action":"user_confirmation_requested","actor_id":"6709311b-4c63-4961-bf00-4b3be7dc3fb1","actor_username":"car@gmail.com","actor_via_sso":false,"log_type":"user","traits":{"provider":"email"}}', '2024-12-03 23:45:23.644111+00', ''),
	('00000000-0000-0000-0000-000000000000', 'b2fcb56e-f935-4b7c-badb-37efd274d61b', '{"action":"user_signedup","actor_id":"00000000-0000-0000-0000-000000000000","actor_username":"service_role","actor_via_sso":false,"log_type":"team","traits":{"user_email":"mason@gmail.com","user_id":"aa67aae6-a19a-4001-8422-8b1f49709153","user_phone":""}}', '2024-12-04 01:04:54.811612+00', ''),
	('00000000-0000-0000-0000-000000000000', '6925e67c-5b79-4ddd-a9cb-39a78125c51d', '{"action":"login","actor_id":"aa67aae6-a19a-4001-8422-8b1f49709153","actor_username":"mason@gmail.com","actor_via_sso":false,"log_type":"account","traits":{"provider":"email"}}', '2024-12-04 01:05:09.221806+00', ''),
	('00000000-0000-0000-0000-000000000000', '1ea6ed45-4e55-493a-aa8a-640857789092', '{"action":"login","actor_id":"aa67aae6-a19a-4001-8422-8b1f49709153","actor_username":"mason@gmail.com","actor_via_sso":false,"log_type":"account","traits":{"provider":"email"}}', '2024-12-04 01:05:32.841295+00', ''),
	('00000000-0000-0000-0000-000000000000', 'de45be13-ff49-480f-8643-63e55916b14a', '{"action":"login","actor_id":"aa67aae6-a19a-4001-8422-8b1f49709153","actor_username":"mason@gmail.com","actor_via_sso":false,"log_type":"account","traits":{"provider":"email"}}', '2024-12-04 01:05:42.447205+00', ''),
	('00000000-0000-0000-0000-000000000000', '8d9028c6-3bde-442a-8277-b70a3203c96a', '{"action":"login","actor_id":"aa67aae6-a19a-4001-8422-8b1f49709153","actor_username":"mason@gmail.com","actor_via_sso":false,"log_type":"account","traits":{"provider":"email"}}', '2024-12-04 01:06:11.922682+00', ''),
	('00000000-0000-0000-0000-000000000000', '35250c65-b04c-49d9-8ab5-876935a83335', '{"action":"user_signedup","actor_id":"fec6c6d9-09f0-42be-8688-6a48f9eb7509","actor_username":"mac@gmail.com","actor_via_sso":false,"log_type":"team","traits":{"provider":"email"}}', '2024-12-04 01:15:01.819813+00', ''),
	('00000000-0000-0000-0000-000000000000', '34f2958c-0112-4ee8-8aa8-c1321a5b9bab', '{"action":"login","actor_id":"fec6c6d9-09f0-42be-8688-6a48f9eb7509","actor_username":"mac@gmail.com","actor_via_sso":false,"log_type":"account","traits":{"provider":"email"}}', '2024-12-04 01:15:01.823966+00', ''),
	('00000000-0000-0000-0000-000000000000', 'db342664-18cf-4bbb-bf89-6cc5ccefe647', '{"action":"user_signedup","actor_id":"6f66fc06-42c5-42af-a60b-d01b40bba13c","actor_username":"larry@gmail.com","actor_via_sso":false,"log_type":"team","traits":{"provider":"email"}}', '2024-12-04 01:17:09.813556+00', ''),
	('00000000-0000-0000-0000-000000000000', '602b9af9-57f1-45ac-86d2-8e7bd0c4e858', '{"action":"login","actor_id":"6f66fc06-42c5-42af-a60b-d01b40bba13c","actor_username":"larry@gmail.com","actor_via_sso":false,"log_type":"account","traits":{"provider":"email"}}', '2024-12-04 01:17:09.816745+00', ''),
	('00000000-0000-0000-0000-000000000000', '84781d70-6594-4922-85fe-c951485b07b4', '{"action":"user_signedup","actor_id":"a53da0a9-3fff-4e59-83b1-4466c348a752","actor_username":"josh@gmail.com","actor_via_sso":false,"log_type":"team","traits":{"provider":"email"}}', '2024-12-04 01:20:15.185901+00', ''),
	('00000000-0000-0000-0000-000000000000', '461dafe8-8b6c-4120-894d-f326b956c16c', '{"action":"login","actor_id":"a53da0a9-3fff-4e59-83b1-4466c348a752","actor_username":"josh@gmail.com","actor_via_sso":false,"log_type":"account","traits":{"provider":"email"}}', '2024-12-04 01:20:15.190312+00', ''),
	('00000000-0000-0000-0000-000000000000', '7b257f65-f099-480d-a475-ed2d8b98be17', '{"action":"login","actor_id":"a53da0a9-3fff-4e59-83b1-4466c348a752","actor_username":"josh@gmail.com","actor_via_sso":false,"log_type":"account","traits":{"provider":"email"}}', '2024-12-04 01:20:23.624326+00', ''),
	('00000000-0000-0000-0000-000000000000', 'b781e6f8-b3d4-4f95-a885-edc001d50020', '{"action":"login","actor_id":"aa67aae6-a19a-4001-8422-8b1f49709153","actor_username":"mason@gmail.com","actor_via_sso":false,"log_type":"account","traits":{"provider":"email"}}', '2024-12-04 01:24:38.51142+00', ''),
	('00000000-0000-0000-0000-000000000000', 'da2c9c26-ea0f-4e8f-b5e1-792bc133fc76', '{"action":"user_signedup","actor_id":"4f93d31d-f4c0-4362-a3a9-93347c14c2fd","actor_username":"mary@gmail.com","actor_via_sso":false,"log_type":"team","traits":{"provider":"email"}}', '2024-12-04 01:24:55.487355+00', ''),
	('00000000-0000-0000-0000-000000000000', '4fc4a168-44bc-43ac-b79d-c3b1325c8a3b', '{"action":"login","actor_id":"4f93d31d-f4c0-4362-a3a9-93347c14c2fd","actor_username":"mary@gmail.com","actor_via_sso":false,"log_type":"account","traits":{"provider":"email"}}', '2024-12-04 01:24:55.490901+00', ''),
	('00000000-0000-0000-0000-000000000000', '3ef51dc5-ff69-493b-b555-fac3f89c59d2', '{"action":"user_signedup","actor_id":"0703c12d-2d1c-4729-ad42-6d82d87779c5","actor_username":"beth@gmail.com","actor_via_sso":false,"log_type":"team","traits":{"provider":"email"}}', '2024-12-04 01:26:00.286977+00', ''),
	('00000000-0000-0000-0000-000000000000', '11d73e02-8939-4604-a898-ff1c73ff27a6', '{"action":"login","actor_id":"0703c12d-2d1c-4729-ad42-6d82d87779c5","actor_username":"beth@gmail.com","actor_via_sso":false,"log_type":"account","traits":{"provider":"email"}}', '2024-12-04 01:26:00.290237+00', ''),
	('00000000-0000-0000-0000-000000000000', 'fc828825-1300-43f6-b892-f8ca1353188a', '{"action":"login","actor_id":"aa67aae6-a19a-4001-8422-8b1f49709153","actor_username":"mason@gmail.com","actor_via_sso":false,"log_type":"account","traits":{"provider":"email"}}', '2024-12-04 01:27:03.40356+00', ''),
	('00000000-0000-0000-0000-000000000000', 'be6c4817-0dcc-484d-bfd8-2a7cb4ae1eaa', '{"action":"user_signedup","actor_id":"32237bd3-7c5c-49b6-a8e9-ed009b530387","actor_username":"chris@gmail.com","actor_via_sso":false,"log_type":"team","traits":{"provider":"email"}}', '2024-12-04 01:27:25.970646+00', ''),
	('00000000-0000-0000-0000-000000000000', 'b7f6c856-3d61-41e0-8f7b-5b4ea2329859', '{"action":"login","actor_id":"32237bd3-7c5c-49b6-a8e9-ed009b530387","actor_username":"chris@gmail.com","actor_via_sso":false,"log_type":"account","traits":{"provider":"email"}}', '2024-12-04 01:27:25.97407+00', ''),
	('00000000-0000-0000-0000-000000000000', '664c2993-deb4-4c59-b31c-c3de6c6fc156', '{"action":"user_signedup","actor_id":"b80117b6-4a0f-4eee-b636-b4c68f57d695","actor_username":"seth@gmail.com","actor_via_sso":false,"log_type":"team","traits":{"provider":"email"}}', '2024-12-04 01:28:36.719569+00', ''),
	('00000000-0000-0000-0000-000000000000', '309b1352-36f0-4248-891a-662997954ddb', '{"action":"login","actor_id":"b80117b6-4a0f-4eee-b636-b4c68f57d695","actor_username":"seth@gmail.com","actor_via_sso":false,"log_type":"account","traits":{"provider":"email"}}', '2024-12-04 01:28:36.724272+00', ''),
	('00000000-0000-0000-0000-000000000000', 'ba1aecff-aadd-4f0c-88d4-8ffbf4feaccf', '{"action":"user_signedup","actor_id":"38e7f4a4-8c41-45bc-9b2c-af2138a3388c","actor_username":"jessie@gmail.com","actor_via_sso":false,"log_type":"team","traits":{"provider":"email"}}', '2024-12-04 01:30:45.513294+00', ''),
	('00000000-0000-0000-0000-000000000000', '57a01fe3-eb9a-4062-a44e-ef3b2e406f8c', '{"action":"login","actor_id":"38e7f4a4-8c41-45bc-9b2c-af2138a3388c","actor_username":"jessie@gmail.com","actor_via_sso":false,"log_type":"account","traits":{"provider":"email"}}', '2024-12-04 01:30:45.517884+00', ''),
	('00000000-0000-0000-0000-000000000000', 'f038eeed-28fa-497d-9f8e-a53478cac7ab', '{"action":"user_signedup","actor_id":"8fd59e35-4e4f-423f-bdfd-c7b34e9fea46","actor_username":"steak@gmail.com","actor_via_sso":false,"log_type":"team","traits":{"provider":"email"}}', '2024-12-04 01:32:42.419508+00', ''),
	('00000000-0000-0000-0000-000000000000', '17d27058-6b1b-4cb3-805e-54cfb17ddfb6', '{"action":"login","actor_id":"8fd59e35-4e4f-423f-bdfd-c7b34e9fea46","actor_username":"steak@gmail.com","actor_via_sso":false,"log_type":"account","traits":{"provider":"email"}}', '2024-12-04 01:32:42.422777+00', ''),
	('00000000-0000-0000-0000-000000000000', '3774cbea-7fcf-49c1-a56b-5dee4994bedc', '{"action":"login","actor_id":"8fd59e35-4e4f-423f-bdfd-c7b34e9fea46","actor_username":"steak@gmail.com","actor_via_sso":false,"log_type":"account","traits":{"provider":"email"}}', '2024-12-04 01:32:42.643026+00', ''),
	('00000000-0000-0000-0000-000000000000', '5a8d63e2-385d-4d6a-ac84-ab22bf2adc06', '{"action":"token_refreshed","actor_id":"8fd59e35-4e4f-423f-bdfd-c7b34e9fea46","actor_username":"steak@gmail.com","actor_via_sso":false,"log_type":"token"}', '2024-12-04 01:32:43.008963+00', ''),
	('00000000-0000-0000-0000-000000000000', '5e5e71c3-9f32-4c4d-9c4f-79978a1ab580', '{"action":"token_revoked","actor_id":"8fd59e35-4e4f-423f-bdfd-c7b34e9fea46","actor_username":"steak@gmail.com","actor_via_sso":false,"log_type":"token"}', '2024-12-04 01:32:43.009613+00', ''),
	('00000000-0000-0000-0000-000000000000', 'c143122b-59ee-4e12-90fa-6e4c35fb1ee1', '{"action":"user_signedup","actor_id":"6e77e7d1-53cf-4043-adc6-7a81f16066f5","actor_username":"mickey@gmail.com","actor_via_sso":false,"log_type":"team","traits":{"provider":"email"}}', '2024-12-04 01:35:14.833616+00', ''),
	('00000000-0000-0000-0000-000000000000', 'fee15095-de24-40d4-b6e1-a616ab487bce', '{"action":"login","actor_id":"6e77e7d1-53cf-4043-adc6-7a81f16066f5","actor_username":"mickey@gmail.com","actor_via_sso":false,"log_type":"account","traits":{"provider":"email"}}', '2024-12-04 01:35:14.837625+00', ''),
	('00000000-0000-0000-0000-000000000000', '3ea00fe8-7bac-46f4-828e-be2833085a42', '{"action":"logout","actor_id":"6e77e7d1-53cf-4043-adc6-7a81f16066f5","actor_username":"mickey@gmail.com","actor_via_sso":false,"log_type":"account"}', '2024-12-04 01:38:59.106597+00', ''),
	('00000000-0000-0000-0000-000000000000', 'd17969a2-d31f-425e-88cc-4d9b191f8645', '{"action":"login","actor_id":"6e77e7d1-53cf-4043-adc6-7a81f16066f5","actor_username":"mickey@gmail.com","actor_via_sso":false,"log_type":"account","traits":{"provider":"email"}}', '2024-12-04 01:39:40.606261+00', ''),
	('00000000-0000-0000-0000-000000000000', '65e7df1c-5d8a-4c81-9830-58bff4ebf8bd', '{"action":"login","actor_id":"6e77e7d1-53cf-4043-adc6-7a81f16066f5","actor_username":"mickey@gmail.com","actor_via_sso":false,"log_type":"account","traits":{"provider":"email"}}', '2024-12-04 01:40:01.131077+00', ''),
	('00000000-0000-0000-0000-000000000000', 'a46a7e99-8a55-46bf-8738-746872e3d400', '{"action":"login","actor_id":"6e77e7d1-53cf-4043-adc6-7a81f16066f5","actor_username":"mickey@gmail.com","actor_via_sso":false,"log_type":"account","traits":{"provider":"email"}}', '2024-12-04 01:42:19.364193+00', ''),
	('00000000-0000-0000-0000-000000000000', 'c9b5bde9-13c0-4989-9bac-433786a772ac', '{"action":"token_refreshed","actor_id":"6e77e7d1-53cf-4043-adc6-7a81f16066f5","actor_username":"mickey@gmail.com","actor_via_sso":false,"log_type":"token"}', '2024-12-04 01:42:19.499119+00', ''),
	('00000000-0000-0000-0000-000000000000', '296a2ffd-d7a5-4c15-a14b-f4b4b029c88b', '{"action":"token_revoked","actor_id":"6e77e7d1-53cf-4043-adc6-7a81f16066f5","actor_username":"mickey@gmail.com","actor_via_sso":false,"log_type":"token"}', '2024-12-04 01:42:19.499713+00', ''),
	('00000000-0000-0000-0000-000000000000', '4524666a-8373-4297-be21-7a6290fc5cc1', '{"action":"logout","actor_id":"6e77e7d1-53cf-4043-adc6-7a81f16066f5","actor_username":"mickey@gmail.com","actor_via_sso":false,"log_type":"account"}', '2024-12-04 01:43:32.789027+00', ''),
	('00000000-0000-0000-0000-000000000000', '90ef1a2d-8043-40ef-aee7-31c6a8dce2ad', '{"action":"login","actor_id":"6e77e7d1-53cf-4043-adc6-7a81f16066f5","actor_username":"mickey@gmail.com","actor_via_sso":false,"log_type":"account","traits":{"provider":"email"}}', '2024-12-04 01:43:58.20367+00', ''),
	('00000000-0000-0000-0000-000000000000', '48a704f9-042b-4a26-bba7-7b445ee1dbbd', '{"action":"token_refreshed","actor_id":"6e77e7d1-53cf-4043-adc6-7a81f16066f5","actor_username":"mickey@gmail.com","actor_via_sso":false,"log_type":"token"}', '2024-12-04 04:33:51.260593+00', ''),
	('00000000-0000-0000-0000-000000000000', '16df8bcc-add3-488d-8474-dcf0c9d958bf', '{"action":"token_revoked","actor_id":"6e77e7d1-53cf-4043-adc6-7a81f16066f5","actor_username":"mickey@gmail.com","actor_via_sso":false,"log_type":"token"}', '2024-12-04 04:33:51.263032+00', ''),
	('00000000-0000-0000-0000-000000000000', '1b08ae65-541a-4e2d-affd-0c71ab70aa01', '{"action":"logout","actor_id":"6e77e7d1-53cf-4043-adc6-7a81f16066f5","actor_username":"mickey@gmail.com","actor_via_sso":false,"log_type":"account"}', '2024-12-04 04:37:05.561107+00', ''),
	('00000000-0000-0000-0000-000000000000', '8675e29b-3edd-4235-b328-a7193ad224ab', '{"action":"user_signedup","actor_id":"98e33685-9906-4120-8a74-a020641403d0","actor_username":"ryan@gmail.com","actor_via_sso":false,"log_type":"team","traits":{"provider":"email"}}', '2024-12-04 04:58:07.578014+00', ''),
	('00000000-0000-0000-0000-000000000000', '2ebd22fb-517f-477f-bcf9-a278983b99d3', '{"action":"login","actor_id":"98e33685-9906-4120-8a74-a020641403d0","actor_username":"ryan@gmail.com","actor_via_sso":false,"log_type":"account","traits":{"provider":"email"}}', '2024-12-04 04:58:07.582989+00', ''),
	('00000000-0000-0000-0000-000000000000', '4226b1ab-82ae-4fd0-903e-37cbfb00d82c', '{"action":"logout","actor_id":"98e33685-9906-4120-8a74-a020641403d0","actor_username":"ryan@gmail.com","actor_via_sso":false,"log_type":"account"}', '2024-12-04 04:58:26.610748+00', ''),
	('00000000-0000-0000-0000-000000000000', '172eedc5-9833-4360-9ffe-3032f4b09896', '{"action":"login","actor_id":"98e33685-9906-4120-8a74-a020641403d0","actor_username":"ryan@gmail.com","actor_via_sso":false,"log_type":"account","traits":{"provider":"email"}}', '2024-12-04 04:58:40.004271+00', ''),
	('00000000-0000-0000-0000-000000000000', 'c34563e7-e684-46da-94ee-9541da87cfca', '{"action":"login","actor_id":"98e33685-9906-4120-8a74-a020641403d0","actor_username":"ryan@gmail.com","actor_via_sso":false,"log_type":"account","traits":{"provider":"email"}}', '2024-12-04 04:58:53.459745+00', ''),
	('00000000-0000-0000-0000-000000000000', 'e7b98a30-1ee1-4350-ad8b-b502a43b2b0d', '{"action":"login","actor_id":"98e33685-9906-4120-8a74-a020641403d0","actor_username":"ryan@gmail.com","actor_via_sso":false,"log_type":"account","traits":{"provider":"email"}}', '2024-12-04 05:00:15.677001+00', ''),
	('00000000-0000-0000-0000-000000000000', 'aaae3e15-d1af-4585-9678-0b26efdac298', '{"action":"logout","actor_id":"98e33685-9906-4120-8a74-a020641403d0","actor_username":"ryan@gmail.com","actor_via_sso":false,"log_type":"account"}', '2024-12-04 05:02:00.655099+00', ''),
	('00000000-0000-0000-0000-000000000000', '39393082-4915-42e2-b7f5-7375abbfac87', '{"action":"login","actor_id":"98e33685-9906-4120-8a74-a020641403d0","actor_username":"ryan@gmail.com","actor_via_sso":false,"log_type":"account","traits":{"provider":"email"}}', '2024-12-04 05:02:32.44022+00', ''),
	('00000000-0000-0000-0000-000000000000', '6b6af6c6-6f49-41c4-83f3-98e2a59e0bb9', '{"action":"logout","actor_id":"98e33685-9906-4120-8a74-a020641403d0","actor_username":"ryan@gmail.com","actor_via_sso":false,"log_type":"account"}', '2024-12-04 05:03:49.394373+00', ''),
	('00000000-0000-0000-0000-000000000000', '3d755c92-41a1-45cb-9c5a-3e42a7f39595', '{"action":"login","actor_id":"98e33685-9906-4120-8a74-a020641403d0","actor_username":"ryan@gmail.com","actor_via_sso":false,"log_type":"account","traits":{"provider":"email"}}', '2024-12-04 05:04:05.912242+00', ''),
	('00000000-0000-0000-0000-000000000000', '6fa60bb3-920c-4d29-8427-526ff6476724', '{"action":"logout","actor_id":"98e33685-9906-4120-8a74-a020641403d0","actor_username":"ryan@gmail.com","actor_via_sso":false,"log_type":"account"}', '2024-12-04 05:05:56.994427+00', ''),
	('00000000-0000-0000-0000-000000000000', '1e2f09d3-1b95-488a-9e6a-58fe19d8b776', '{"action":"login","actor_id":"98e33685-9906-4120-8a74-a020641403d0","actor_username":"ryan@gmail.com","actor_via_sso":false,"log_type":"account","traits":{"provider":"email"}}', '2024-12-04 05:06:18.521131+00', ''),
	('00000000-0000-0000-0000-000000000000', '36a7a898-8fcc-4808-a7fb-8b6a940e9bd1', '{"action":"logout","actor_id":"98e33685-9906-4120-8a74-a020641403d0","actor_username":"ryan@gmail.com","actor_via_sso":false,"log_type":"account"}', '2024-12-04 05:07:42.328946+00', ''),
	('00000000-0000-0000-0000-000000000000', '0ebbacee-7ada-4d93-8408-72e6d6d84981', '{"action":"user_signedup","actor_id":"728c35ca-0d26-4565-ae80-84e6288a4312","actor_username":"bea@gmail.com","actor_via_sso":false,"log_type":"team","traits":{"provider":"email"}}', '2024-12-04 05:08:45.775531+00', ''),
	('00000000-0000-0000-0000-000000000000', '2e8a8c45-2bbb-46f1-a13b-fb669fb3f302', '{"action":"login","actor_id":"728c35ca-0d26-4565-ae80-84e6288a4312","actor_username":"bea@gmail.com","actor_via_sso":false,"log_type":"account","traits":{"provider":"email"}}', '2024-12-04 05:08:45.778927+00', ''),
	('00000000-0000-0000-0000-000000000000', '2020dfd4-e929-4e7d-b277-18c7122448fa', '{"action":"logout","actor_id":"728c35ca-0d26-4565-ae80-84e6288a4312","actor_username":"bea@gmail.com","actor_via_sso":false,"log_type":"account"}', '2024-12-04 05:08:55.589885+00', ''),
	('00000000-0000-0000-0000-000000000000', '33e89119-d223-43ea-8015-c8a10870fff6', '{"action":"login","actor_id":"728c35ca-0d26-4565-ae80-84e6288a4312","actor_username":"bea@gmail.com","actor_via_sso":false,"log_type":"account","traits":{"provider":"email"}}', '2024-12-04 05:09:07.429135+00', ''),
	('00000000-0000-0000-0000-000000000000', 'a40c7e19-0632-4079-8954-5d75948dd68e', '{"action":"logout","actor_id":"728c35ca-0d26-4565-ae80-84e6288a4312","actor_username":"bea@gmail.com","actor_via_sso":false,"log_type":"account"}', '2024-12-04 05:10:37.28976+00', ''),
	('00000000-0000-0000-0000-000000000000', '1f6d1056-85ba-4a75-bd49-0a9c04e4927e', '{"action":"login","actor_id":"728c35ca-0d26-4565-ae80-84e6288a4312","actor_username":"bea@gmail.com","actor_via_sso":false,"log_type":"account","traits":{"provider":"email"}}', '2024-12-04 05:10:50.588695+00', ''),
	('00000000-0000-0000-0000-000000000000', 'a4392365-54e4-496e-ba62-341d52b8f6c0', '{"action":"logout","actor_id":"728c35ca-0d26-4565-ae80-84e6288a4312","actor_username":"bea@gmail.com","actor_via_sso":false,"log_type":"account"}', '2024-12-04 05:11:38.299764+00', ''),
	('00000000-0000-0000-0000-000000000000', 'b471067a-adc5-4050-8593-664bd05288dd', '{"action":"login","actor_id":"98e33685-9906-4120-8a74-a020641403d0","actor_username":"ryan@gmail.com","actor_via_sso":false,"log_type":"account","traits":{"provider":"email"}}', '2024-12-04 06:44:35.888319+00', ''),
	('00000000-0000-0000-0000-000000000000', '6a00c721-8ab3-4a63-bd94-b36e3863b0c1', '{"action":"login","actor_id":"98e33685-9906-4120-8a74-a020641403d0","actor_username":"ryan@gmail.com","actor_via_sso":false,"log_type":"account","traits":{"provider":"email"}}', '2024-12-04 06:44:56.220753+00', ''),
	('00000000-0000-0000-0000-000000000000', 'd327e2ab-293f-424e-98ca-80b33b6b2991', '{"action":"logout","actor_id":"98e33685-9906-4120-8a74-a020641403d0","actor_username":"ryan@gmail.com","actor_via_sso":false,"log_type":"account"}', '2024-12-04 06:45:08.936134+00', ''),
	('00000000-0000-0000-0000-000000000000', '693d2600-e9a1-416d-b8fb-a124f995e07b', '{"action":"user_signedup","actor_id":"c04d301b-ffed-42e4-af46-4ef8ae4295f8","actor_username":"coco@gmail.com","actor_via_sso":false,"log_type":"team","traits":{"provider":"email"}}', '2024-12-04 06:45:44.540877+00', ''),
	('00000000-0000-0000-0000-000000000000', '7a9fe29d-706f-47a2-8429-d3d736d58263', '{"action":"login","actor_id":"c04d301b-ffed-42e4-af46-4ef8ae4295f8","actor_username":"coco@gmail.com","actor_via_sso":false,"log_type":"account","traits":{"provider":"email"}}', '2024-12-04 06:45:44.544431+00', ''),
	('00000000-0000-0000-0000-000000000000', 'feb70a5b-78d1-4347-84c1-7b1111261258', '{"action":"logout","actor_id":"c04d301b-ffed-42e4-af46-4ef8ae4295f8","actor_username":"coco@gmail.com","actor_via_sso":false,"log_type":"account"}', '2024-12-04 07:03:15.58025+00', ''),
	('00000000-0000-0000-0000-000000000000', '961aed10-a8b7-414e-b602-8aa93713a87a', '{"action":"login","actor_id":"98e33685-9906-4120-8a74-a020641403d0","actor_username":"ryan@gmail.com","actor_via_sso":false,"log_type":"account","traits":{"provider":"email"}}', '2024-12-04 07:03:25.154006+00', ''),
	('00000000-0000-0000-0000-000000000000', '76a8e1c8-b645-4335-8df1-f3de57e7141f', '{"action":"token_refreshed","actor_id":"98e33685-9906-4120-8a74-a020641403d0","actor_username":"ryan@gmail.com","actor_via_sso":false,"log_type":"token"}', '2024-12-04 08:05:41.482122+00', ''),
	('00000000-0000-0000-0000-000000000000', 'e5a59b3e-0df8-44c0-ae2a-636d19bb3d13', '{"action":"token_revoked","actor_id":"98e33685-9906-4120-8a74-a020641403d0","actor_username":"ryan@gmail.com","actor_via_sso":false,"log_type":"token"}', '2024-12-04 08:05:41.484104+00', ''),
	('00000000-0000-0000-0000-000000000000', 'd7309d50-3daa-450d-8fb5-0959e721a819', '{"action":"token_refreshed","actor_id":"98e33685-9906-4120-8a74-a020641403d0","actor_username":"ryan@gmail.com","actor_via_sso":false,"log_type":"token"}', '2024-12-04 08:05:41.536292+00', ''),
	('00000000-0000-0000-0000-000000000000', 'bcb421e3-13bc-4d3e-a38c-57168a192deb', '{"action":"token_refreshed","actor_id":"98e33685-9906-4120-8a74-a020641403d0","actor_username":"ryan@gmail.com","actor_via_sso":false,"log_type":"token"}', '2024-12-04 08:05:41.727914+00', ''),
	('00000000-0000-0000-0000-000000000000', 'da90bf4b-3e40-42fc-a9d4-9a2acc1bbb02', '{"action":"login","actor_id":"98e33685-9906-4120-8a74-a020641403d0","actor_username":"ryan@gmail.com","actor_via_sso":false,"log_type":"account","traits":{"provider":"email"}}', '2024-12-04 08:14:22.94881+00', ''),
	('00000000-0000-0000-0000-000000000000', '4f6318b3-0359-448b-913f-5bdd198636ca', '{"action":"logout","actor_id":"98e33685-9906-4120-8a74-a020641403d0","actor_username":"ryan@gmail.com","actor_via_sso":false,"log_type":"account"}', '2024-12-04 08:14:42.461193+00', ''),
	('00000000-0000-0000-0000-000000000000', 'f203990b-4462-4557-bdfc-ade47745c9c0', '{"action":"login","actor_id":"98e33685-9906-4120-8a74-a020641403d0","actor_username":"ryan@gmail.com","actor_via_sso":false,"log_type":"account","traits":{"provider":"email"}}', '2024-12-04 20:13:29.121659+00', ''),
	('00000000-0000-0000-0000-000000000000', 'c5b79d7a-c73b-4fab-8123-498569e9318d', '{"action":"token_refreshed","actor_id":"98e33685-9906-4120-8a74-a020641403d0","actor_username":"ryan@gmail.com","actor_via_sso":false,"log_type":"token"}', '2024-12-04 21:30:57.177213+00', ''),
	('00000000-0000-0000-0000-000000000000', '99c93f09-9ec9-47d2-855a-8c1331c24128', '{"action":"token_revoked","actor_id":"98e33685-9906-4120-8a74-a020641403d0","actor_username":"ryan@gmail.com","actor_via_sso":false,"log_type":"token"}', '2024-12-04 21:30:57.178201+00', ''),
	('00000000-0000-0000-0000-000000000000', '61076031-b256-4b77-9191-32dbc5181109', '{"action":"token_refreshed","actor_id":"98e33685-9906-4120-8a74-a020641403d0","actor_username":"ryan@gmail.com","actor_via_sso":false,"log_type":"token"}', '2024-12-05 00:56:49.556033+00', ''),
	('00000000-0000-0000-0000-000000000000', '1f09b100-0144-45d6-a3d4-88a0c87e6e55', '{"action":"token_revoked","actor_id":"98e33685-9906-4120-8a74-a020641403d0","actor_username":"ryan@gmail.com","actor_via_sso":false,"log_type":"token"}', '2024-12-05 00:56:49.556907+00', ''),
	('00000000-0000-0000-0000-000000000000', 'a9ff5a6e-016d-48ec-8120-aa8e39a01c3b', '{"action":"user_signedup","actor_id":"ce97f6c5-f453-474c-b136-5278997db81f","actor_username":"marybeth@gmail.com","actor_via_sso":false,"log_type":"team","traits":{"provider":"email"}}', '2024-12-05 01:03:57.301607+00', ''),
	('00000000-0000-0000-0000-000000000000', '2f332fcb-c775-4caf-8b3c-955114e5546e', '{"action":"login","actor_id":"ce97f6c5-f453-474c-b136-5278997db81f","actor_username":"marybeth@gmail.com","actor_via_sso":false,"log_type":"account","traits":{"provider":"email"}}', '2024-12-05 01:03:57.306407+00', ''),
	('00000000-0000-0000-0000-000000000000', '7269df18-f6cd-4841-a9ed-9c3a0f43ac3b', '{"action":"token_refreshed","actor_id":"ce97f6c5-f453-474c-b136-5278997db81f","actor_username":"marybeth@gmail.com","actor_via_sso":false,"log_type":"token"}', '2024-12-05 02:16:05.835363+00', ''),
	('00000000-0000-0000-0000-000000000000', '0775a3b6-a803-4426-9efd-0dca394070f8', '{"action":"token_revoked","actor_id":"ce97f6c5-f453-474c-b136-5278997db81f","actor_username":"marybeth@gmail.com","actor_via_sso":false,"log_type":"token"}', '2024-12-05 02:16:05.846616+00', ''),
	('00000000-0000-0000-0000-000000000000', 'f8c93d63-ef14-4066-b964-fb778c932206', '{"action":"logout","actor_id":"ce97f6c5-f453-474c-b136-5278997db81f","actor_username":"marybeth@gmail.com","actor_via_sso":false,"log_type":"account"}', '2024-12-05 03:09:07.264527+00', ''),
	('00000000-0000-0000-0000-000000000000', '90d57ded-e997-48de-94b2-ecfc19c4d308', '{"action":"login","actor_id":"ce97f6c5-f453-474c-b136-5278997db81f","actor_username":"marybeth@gmail.com","actor_via_sso":false,"log_type":"account","traits":{"provider":"email"}}', '2024-12-05 03:09:20.514871+00', ''),
	('00000000-0000-0000-0000-000000000000', 'ec5146dd-719a-47ce-962f-8cead46cadf9', '{"action":"login","actor_id":"aa67aae6-a19a-4001-8422-8b1f49709153","actor_username":"mason@gmail.com","actor_via_sso":false,"log_type":"account","traits":{"provider":"email"}}', '2024-12-05 03:56:01.519849+00', ''),
	('00000000-0000-0000-0000-000000000000', 'a9f3e2c1-0487-49f5-9fb9-7c6cafe48775', '{"action":"token_refreshed","actor_id":"aa67aae6-a19a-4001-8422-8b1f49709153","actor_username":"mason@gmail.com","actor_via_sso":false,"log_type":"token"}', '2024-12-05 05:08:38.783592+00', ''),
	('00000000-0000-0000-0000-000000000000', 'cfb9c8af-a9dc-4f44-8b52-f88dff1c3693', '{"action":"token_revoked","actor_id":"aa67aae6-a19a-4001-8422-8b1f49709153","actor_username":"mason@gmail.com","actor_via_sso":false,"log_type":"token"}', '2024-12-05 05:08:38.785231+00', ''),
	('00000000-0000-0000-0000-000000000000', '515ef27a-d7da-4ca6-b4d1-efb3ea56f220', '{"action":"token_refreshed","actor_id":"ce97f6c5-f453-474c-b136-5278997db81f","actor_username":"marybeth@gmail.com","actor_via_sso":false,"log_type":"token"}', '2024-12-05 07:42:28.045472+00', ''),
	('00000000-0000-0000-0000-000000000000', 'a63b5eb1-2423-40f0-907f-f1457b03204b', '{"action":"token_revoked","actor_id":"ce97f6c5-f453-474c-b136-5278997db81f","actor_username":"marybeth@gmail.com","actor_via_sso":false,"log_type":"token"}', '2024-12-05 07:42:28.058428+00', ''),
	('00000000-0000-0000-0000-000000000000', '393fc837-f574-4667-ab9a-7d6fad96a607', '{"action":"token_refreshed","actor_id":"ce97f6c5-f453-474c-b136-5278997db81f","actor_username":"marybeth@gmail.com","actor_via_sso":false,"log_type":"token"}', '2024-12-05 19:17:40.146013+00', ''),
	('00000000-0000-0000-0000-000000000000', '761c6b8f-ad06-485f-98e3-ba42b1952dd8', '{"action":"token_revoked","actor_id":"ce97f6c5-f453-474c-b136-5278997db81f","actor_username":"marybeth@gmail.com","actor_via_sso":false,"log_type":"token"}', '2024-12-05 19:17:40.156605+00', ''),
	('00000000-0000-0000-0000-000000000000', 'df87bb51-b20c-4dd0-8a1f-1c665e57ca0d', '{"action":"token_refreshed","actor_id":"ce97f6c5-f453-474c-b136-5278997db81f","actor_username":"marybeth@gmail.com","actor_via_sso":false,"log_type":"token"}', '2024-12-05 20:19:09.410715+00', ''),
	('00000000-0000-0000-0000-000000000000', '10d8c255-2b48-4e59-bc86-b83197068118', '{"action":"token_revoked","actor_id":"ce97f6c5-f453-474c-b136-5278997db81f","actor_username":"marybeth@gmail.com","actor_via_sso":false,"log_type":"token"}', '2024-12-05 20:19:09.414259+00', ''),
	('00000000-0000-0000-0000-000000000000', '0573da24-2b27-4105-a527-cbb29f5e36c6', '{"action":"logout","actor_id":"ce97f6c5-f453-474c-b136-5278997db81f","actor_username":"marybeth@gmail.com","actor_via_sso":false,"log_type":"account"}', '2024-12-05 21:09:21.568145+00', ''),
	('00000000-0000-0000-0000-000000000000', '503e7b15-805d-4a74-9e77-df3b12fa9082', '{"action":"login","actor_id":"ce97f6c5-f453-474c-b136-5278997db81f","actor_username":"marybeth@gmail.com","actor_via_sso":false,"log_type":"account","traits":{"provider":"email"}}', '2024-12-05 21:09:41.837776+00', ''),
	('00000000-0000-0000-0000-000000000000', '2273b59c-ca32-4471-8242-e2e6cb66cb2b', '{"action":"logout","actor_id":"ce97f6c5-f453-474c-b136-5278997db81f","actor_username":"marybeth@gmail.com","actor_via_sso":false,"log_type":"account"}', '2024-12-05 21:12:28.833418+00', ''),
	('00000000-0000-0000-0000-000000000000', '8ddf5fd0-9a32-46c4-a192-fa5cb250b6b6', '{"action":"login","actor_id":"ce97f6c5-f453-474c-b136-5278997db81f","actor_username":"marybeth@gmail.com","actor_via_sso":false,"log_type":"account","traits":{"provider":"email"}}', '2024-12-05 21:21:54.3571+00', ''),
	('00000000-0000-0000-0000-000000000000', 'bff51bad-1007-4d50-bd6e-971be4e274c0', '{"action":"login","actor_id":"ce97f6c5-f453-474c-b136-5278997db81f","actor_username":"marybeth@gmail.com","actor_via_sso":false,"log_type":"account","traits":{"provider":"email"}}', '2024-12-05 21:23:56.157574+00', ''),
	('00000000-0000-0000-0000-000000000000', '5f7530b9-62fc-4f42-a448-55b7207907cd', '{"action":"login","actor_id":"ce97f6c5-f453-474c-b136-5278997db81f","actor_username":"marybeth@gmail.com","actor_via_sso":false,"log_type":"account","traits":{"provider":"email"}}', '2024-12-05 21:27:04.825203+00', ''),
	('00000000-0000-0000-0000-000000000000', '6174aaa4-907e-42eb-82d2-1a95fa243a7a', '{"action":"logout","actor_id":"ce97f6c5-f453-474c-b136-5278997db81f","actor_username":"marybeth@gmail.com","actor_via_sso":false,"log_type":"account"}', '2024-12-05 21:33:37.746427+00', ''),
	('00000000-0000-0000-0000-000000000000', '9dd613c1-440e-41bc-a911-a7626ebad3b0', '{"action":"login","actor_id":"ce97f6c5-f453-474c-b136-5278997db81f","actor_username":"marybeth@gmail.com","actor_via_sso":false,"log_type":"account","traits":{"provider":"email"}}', '2024-12-05 21:36:39.914843+00', ''),
	('00000000-0000-0000-0000-000000000000', 'b1e45ff4-dd80-411a-a3af-889ec4ed4165', '{"action":"login","actor_id":"ce97f6c5-f453-474c-b136-5278997db81f","actor_username":"marybeth@gmail.com","actor_via_sso":false,"log_type":"account","traits":{"provider":"email"}}', '2024-12-05 21:39:03.442257+00', ''),
	('00000000-0000-0000-0000-000000000000', '3582b736-e42c-483b-aab9-fc29cf112006', '{"action":"logout","actor_id":"ce97f6c5-f453-474c-b136-5278997db81f","actor_username":"marybeth@gmail.com","actor_via_sso":false,"log_type":"account"}', '2024-12-05 21:39:23.98015+00', ''),
	('00000000-0000-0000-0000-000000000000', '075267ac-7a6a-4afa-b805-02fad911327e', '{"action":"login","actor_id":"ce97f6c5-f453-474c-b136-5278997db81f","actor_username":"marybeth@gmail.com","actor_via_sso":false,"log_type":"account","traits":{"provider":"email"}}', '2024-12-05 21:39:32.782831+00', ''),
	('00000000-0000-0000-0000-000000000000', '8bda5133-1917-4046-af52-4c5793a3add9', '{"action":"logout","actor_id":"ce97f6c5-f453-474c-b136-5278997db81f","actor_username":"marybeth@gmail.com","actor_via_sso":false,"log_type":"account"}', '2024-12-05 21:39:42.227932+00', ''),
	('00000000-0000-0000-0000-000000000000', '285340dc-dfe3-45d1-a6d2-2ba17331e40e', '{"action":"login","actor_id":"ce97f6c5-f453-474c-b136-5278997db81f","actor_username":"marybeth@gmail.com","actor_via_sso":false,"log_type":"account","traits":{"provider":"email"}}', '2024-12-05 21:40:58.670959+00', ''),
	('00000000-0000-0000-0000-000000000000', 'a8a2c422-1429-4067-a001-bbb775c8913c', '{"action":"logout","actor_id":"ce97f6c5-f453-474c-b136-5278997db81f","actor_username":"marybeth@gmail.com","actor_via_sso":false,"log_type":"account"}', '2024-12-05 21:44:42.682049+00', ''),
	('00000000-0000-0000-0000-000000000000', '0e61e53f-783c-41f4-b4ae-3b9c87930219', '{"action":"login","actor_id":"ce97f6c5-f453-474c-b136-5278997db81f","actor_username":"marybeth@gmail.com","actor_via_sso":false,"log_type":"account","traits":{"provider":"email"}}', '2024-12-05 21:44:58.330076+00', ''),
	('00000000-0000-0000-0000-000000000000', 'c6c30490-2135-4bc4-95d8-ea84eed6a362', '{"action":"logout","actor_id":"ce97f6c5-f453-474c-b136-5278997db81f","actor_username":"marybeth@gmail.com","actor_via_sso":false,"log_type":"account"}', '2024-12-05 21:45:04.428509+00', ''),
	('00000000-0000-0000-0000-000000000000', '1bb7f48f-0b82-4a76-8ecf-0b951a073ada', '{"action":"login","actor_id":"ce97f6c5-f453-474c-b136-5278997db81f","actor_username":"marybeth@gmail.com","actor_via_sso":false,"log_type":"account","traits":{"provider":"email"}}', '2024-12-05 21:45:14.809999+00', ''),
	('00000000-0000-0000-0000-000000000000', '5382f75a-5f8a-479a-b789-266c9b6f46c0', '{"action":"logout","actor_id":"ce97f6c5-f453-474c-b136-5278997db81f","actor_username":"marybeth@gmail.com","actor_via_sso":false,"log_type":"account"}', '2024-12-05 21:45:23.944565+00', ''),
	('00000000-0000-0000-0000-000000000000', 'a71e00de-ba69-4e47-9204-d9a2d2742f6b', '{"action":"login","actor_id":"ce97f6c5-f453-474c-b136-5278997db81f","actor_username":"marybeth@gmail.com","actor_via_sso":false,"log_type":"account","traits":{"provider":"email"}}', '2024-12-05 21:45:33.751232+00', ''),
	('00000000-0000-0000-0000-000000000000', '74f95deb-a8fc-4096-ae47-cf16bc1a459b', '{"action":"logout","actor_id":"ce97f6c5-f453-474c-b136-5278997db81f","actor_username":"marybeth@gmail.com","actor_via_sso":false,"log_type":"account"}', '2024-12-05 21:45:40.028603+00', ''),
	('00000000-0000-0000-0000-000000000000', 'dafdb543-9c2f-4141-88bc-197928eb209b', '{"action":"user_repeated_signup","actor_id":"32237bd3-7c5c-49b6-a8e9-ed009b530387","actor_username":"chris@gmail.com","actor_via_sso":false,"log_type":"user","traits":{"provider":"email"}}', '2024-12-05 21:45:52.180137+00', ''),
	('00000000-0000-0000-0000-000000000000', '4ca2367b-30e6-4dfb-ab9f-58556bcdf511', '{"action":"user_signedup","actor_id":"829bce4c-b7f2-4cab-891b-20f3b96cdb74","actor_username":"michael@gmail.com","actor_via_sso":false,"log_type":"team","traits":{"provider":"email"}}', '2024-12-05 21:57:42.464692+00', ''),
	('00000000-0000-0000-0000-000000000000', '4807ca6c-07b8-45f7-90f6-527665f4e428', '{"action":"login","actor_id":"829bce4c-b7f2-4cab-891b-20f3b96cdb74","actor_username":"michael@gmail.com","actor_via_sso":false,"log_type":"account","traits":{"provider":"email"}}', '2024-12-05 21:57:42.472733+00', ''),
	('00000000-0000-0000-0000-000000000000', '4b43e376-c85e-407f-ab90-4b9456885a26', '{"action":"logout","actor_id":"829bce4c-b7f2-4cab-891b-20f3b96cdb74","actor_username":"michael@gmail.com","actor_via_sso":false,"log_type":"account"}', '2024-12-05 21:58:04.428697+00', ''),
	('00000000-0000-0000-0000-000000000000', '26cbb9a0-2d84-45d8-b321-1febbd8ba31c', '{"action":"login","actor_id":"829bce4c-b7f2-4cab-891b-20f3b96cdb74","actor_username":"michael@gmail.com","actor_via_sso":false,"log_type":"account","traits":{"provider":"email"}}', '2024-12-05 21:58:14.220806+00', ''),
	('00000000-0000-0000-0000-000000000000', 'f34ce18d-4c10-4e04-8dff-2b57d1c4b7b5', '{"action":"logout","actor_id":"829bce4c-b7f2-4cab-891b-20f3b96cdb74","actor_username":"michael@gmail.com","actor_via_sso":false,"log_type":"account"}', '2024-12-05 21:58:26.534801+00', ''),
	('00000000-0000-0000-0000-000000000000', '19c59543-6b3a-4bf1-a15d-f0614134ad71', '{"action":"login","actor_id":"ce97f6c5-f453-474c-b136-5278997db81f","actor_username":"marybeth@gmail.com","actor_via_sso":false,"log_type":"account","traits":{"provider":"email"}}', '2024-12-05 21:58:40.213007+00', ''),
	('00000000-0000-0000-0000-000000000000', '5980d023-67db-452e-a354-5017ba3e56f0', '{"action":"logout","actor_id":"ce97f6c5-f453-474c-b136-5278997db81f","actor_username":"marybeth@gmail.com","actor_via_sso":false,"log_type":"account"}', '2024-12-05 22:22:55.412202+00', ''),
	('00000000-0000-0000-0000-000000000000', '2766e5e7-c055-4bf6-bf97-fe0fb3d995be', '{"action":"login","actor_id":"ce97f6c5-f453-474c-b136-5278997db81f","actor_username":"marybeth@gmail.com","actor_via_sso":false,"log_type":"account","traits":{"provider":"email"}}', '2024-12-05 22:39:49.401963+00', ''),
	('00000000-0000-0000-0000-000000000000', '529555a0-5a2b-4469-997e-875b41acc9b4', '{"action":"logout","actor_id":"ce97f6c5-f453-474c-b136-5278997db81f","actor_username":"marybeth@gmail.com","actor_via_sso":false,"log_type":"account"}', '2024-12-05 22:40:00.644208+00', ''),
	('00000000-0000-0000-0000-000000000000', '76c8bc21-aa28-4124-9127-6745ac2a7d09', '{"action":"user_signedup","actor_id":"299a6670-9693-4e46-ab18-b0c1be1cbd0f","actor_username":"rick@gmail.com","actor_via_sso":false,"log_type":"team","traits":{"provider":"email"}}', '2024-12-05 22:40:21.287603+00', ''),
	('00000000-0000-0000-0000-000000000000', 'e4240779-0c87-466b-888f-c7edd191ea3f', '{"action":"login","actor_id":"299a6670-9693-4e46-ab18-b0c1be1cbd0f","actor_username":"rick@gmail.com","actor_via_sso":false,"log_type":"account","traits":{"provider":"email"}}', '2024-12-05 22:40:21.297743+00', ''),
	('00000000-0000-0000-0000-000000000000', 'b221080e-b756-47a2-b203-904b832f75c0', '{"action":"logout","actor_id":"299a6670-9693-4e46-ab18-b0c1be1cbd0f","actor_username":"rick@gmail.com","actor_via_sso":false,"log_type":"account"}', '2024-12-05 22:40:33.9614+00', ''),
	('00000000-0000-0000-0000-000000000000', '183aeef7-b7f1-45b4-ac99-9c8ad20e66c8', '{"action":"login","actor_id":"299a6670-9693-4e46-ab18-b0c1be1cbd0f","actor_username":"rick@gmail.com","actor_via_sso":false,"log_type":"account","traits":{"provider":"email"}}', '2024-12-05 22:40:44.716175+00', ''),
	('00000000-0000-0000-0000-000000000000', 'a978c32b-e814-471d-b39e-2d130a351f9f', '{"action":"logout","actor_id":"299a6670-9693-4e46-ab18-b0c1be1cbd0f","actor_username":"rick@gmail.com","actor_via_sso":false,"log_type":"account"}', '2024-12-05 22:40:49.649594+00', ''),
	('00000000-0000-0000-0000-000000000000', 'faf8ef0a-a2b4-4d3e-a7f5-ba3068884b43', '{"action":"login","actor_id":"ce97f6c5-f453-474c-b136-5278997db81f","actor_username":"marybeth@gmail.com","actor_via_sso":false,"log_type":"account","traits":{"provider":"email"}}', '2024-12-05 22:41:08.99575+00', ''),
	('00000000-0000-0000-0000-000000000000', 'f03ba0c5-bbf6-4705-82ee-f083b720ce6c', '{"action":"logout","actor_id":"ce97f6c5-f453-474c-b136-5278997db81f","actor_username":"marybeth@gmail.com","actor_via_sso":false,"log_type":"account"}', '2024-12-05 22:41:17.3272+00', ''),
	('00000000-0000-0000-0000-000000000000', 'ae6a21c2-fe96-4021-9027-b87dc3930db5', '{"action":"user_repeated_signup","actor_id":"4f93d31d-f4c0-4362-a3a9-93347c14c2fd","actor_username":"mary@gmail.com","actor_via_sso":false,"log_type":"user","traits":{"provider":"email"}}', '2024-12-05 22:41:40.409145+00', ''),
	('00000000-0000-0000-0000-000000000000', 'c8c974eb-f390-4242-81f4-06dcc1766b8e', '{"action":"user_signedup","actor_id":"da93d358-3e06-42e0-8769-1bf02cdebd6d","actor_username":"mike@gmail.com","actor_via_sso":false,"log_type":"team","traits":{"provider":"email"}}', '2024-12-05 22:41:49.549993+00', ''),
	('00000000-0000-0000-0000-000000000000', '2729e76f-caa4-45e5-913a-34890b91afb6', '{"action":"login","actor_id":"da93d358-3e06-42e0-8769-1bf02cdebd6d","actor_username":"mike@gmail.com","actor_via_sso":false,"log_type":"account","traits":{"provider":"email"}}', '2024-12-05 22:41:49.554051+00', ''),
	('00000000-0000-0000-0000-000000000000', '0255cc02-de33-40a6-8973-a24b3a3d50c6', '{"action":"logout","actor_id":"da93d358-3e06-42e0-8769-1bf02cdebd6d","actor_username":"mike@gmail.com","actor_via_sso":false,"log_type":"account"}', '2024-12-05 22:41:54.230978+00', ''),
	('00000000-0000-0000-0000-000000000000', 'e30fd48b-b112-4bee-98f7-ac65d529254e', '{"action":"login","actor_id":"da93d358-3e06-42e0-8769-1bf02cdebd6d","actor_username":"mike@gmail.com","actor_via_sso":false,"log_type":"account","traits":{"provider":"email"}}', '2024-12-05 22:42:03.968196+00', ''),
	('00000000-0000-0000-0000-000000000000', '3b066d4b-9ceb-4e6c-b4bd-afa437cb9aed', '{"action":"logout","actor_id":"da93d358-3e06-42e0-8769-1bf02cdebd6d","actor_username":"mike@gmail.com","actor_via_sso":false,"log_type":"account"}', '2024-12-05 22:42:55.427091+00', ''),
	('00000000-0000-0000-0000-000000000000', '05875cf1-aeca-4520-81e6-3e83da1342ad', '{"action":"user_signedup","actor_id":"8b134859-69ff-4b11-b6c4-92bfcbada0fe","actor_username":"bart@gmail.com","actor_via_sso":false,"log_type":"team","traits":{"provider":"email"}}', '2024-12-05 22:48:14.043491+00', ''),
	('00000000-0000-0000-0000-000000000000', '5e2d6681-fefa-436d-8c85-fddc8a91935e', '{"action":"login","actor_id":"8b134859-69ff-4b11-b6c4-92bfcbada0fe","actor_username":"bart@gmail.com","actor_via_sso":false,"log_type":"account","traits":{"provider":"email"}}', '2024-12-05 22:48:14.047682+00', ''),
	('00000000-0000-0000-0000-000000000000', '158becec-f546-4d86-a867-a835915f6903', '{"action":"logout","actor_id":"8b134859-69ff-4b11-b6c4-92bfcbada0fe","actor_username":"bart@gmail.com","actor_via_sso":false,"log_type":"account"}', '2024-12-05 23:13:30.983491+00', ''),
	('00000000-0000-0000-0000-000000000000', 'a8eab497-d879-4cc4-9498-9c217d07966d', '{"action":"user_signedup","actor_id":"99f7447e-14f9-46aa-b85a-996526118062","actor_username":"john@gmail.com","actor_via_sso":false,"log_type":"team","traits":{"provider":"email"}}', '2024-12-05 23:16:07.692116+00', ''),
	('00000000-0000-0000-0000-000000000000', '5c67a87a-6b7b-47b1-9adf-c1307e9c64cb', '{"action":"login","actor_id":"99f7447e-14f9-46aa-b85a-996526118062","actor_username":"john@gmail.com","actor_via_sso":false,"log_type":"account","traits":{"provider":"email"}}', '2024-12-05 23:16:07.69583+00', ''),
	('00000000-0000-0000-0000-000000000000', '8f0bcb1c-0918-4a9d-80ec-b1aeacbfcb5c', '{"action":"logout","actor_id":"99f7447e-14f9-46aa-b85a-996526118062","actor_username":"john@gmail.com","actor_via_sso":false,"log_type":"account"}', '2024-12-05 23:16:12.519913+00', ''),
	('00000000-0000-0000-0000-000000000000', '58dcbe56-4276-4fc1-b7f6-8dde5e12fe32', '{"action":"login","actor_id":"99f7447e-14f9-46aa-b85a-996526118062","actor_username":"john@gmail.com","actor_via_sso":false,"log_type":"account","traits":{"provider":"email"}}', '2024-12-05 23:16:23.756202+00', ''),
	('00000000-0000-0000-0000-000000000000', 'b68603b4-f112-448e-9990-e46712ca6383', '{"action":"logout","actor_id":"99f7447e-14f9-46aa-b85a-996526118062","actor_username":"john@gmail.com","actor_via_sso":false,"log_type":"account"}', '2024-12-05 23:16:31.662197+00', ''),
	('00000000-0000-0000-0000-000000000000', 'dee8a6a7-1481-415e-8ba9-a358f74e8476', '{"action":"login","actor_id":"ce97f6c5-f453-474c-b136-5278997db81f","actor_username":"marybeth@gmail.com","actor_via_sso":false,"log_type":"account","traits":{"provider":"email"}}', '2024-12-05 23:17:15.545594+00', ''),
	('00000000-0000-0000-0000-000000000000', '43d0f12e-ac35-47e0-b6fa-f37128c94aa1', '{"action":"logout","actor_id":"ce97f6c5-f453-474c-b136-5278997db81f","actor_username":"marybeth@gmail.com","actor_via_sso":false,"log_type":"account"}', '2024-12-05 23:17:24.000752+00', ''),
	('00000000-0000-0000-0000-000000000000', '057819b7-493c-4069-a374-3e806e28da3b', '{"action":"login","actor_id":"99f7447e-14f9-46aa-b85a-996526118062","actor_username":"john@gmail.com","actor_via_sso":false,"log_type":"account","traits":{"provider":"email"}}', '2024-12-05 23:17:36.884665+00', ''),
	('00000000-0000-0000-0000-000000000000', 'b6c3404b-8b5a-4b55-bae0-eeb9e1aa6ff3', '{"action":"logout","actor_id":"99f7447e-14f9-46aa-b85a-996526118062","actor_username":"john@gmail.com","actor_via_sso":false,"log_type":"account"}', '2024-12-05 23:17:40.777896+00', ''),
	('00000000-0000-0000-0000-000000000000', '0cdba0e6-e361-48b7-9253-87aad8e9fdee', '{"action":"user_signedup","actor_id":"97680bcf-f3b4-4565-a029-27739016345c","actor_username":"megan@gmail.com","actor_via_sso":false,"log_type":"team","traits":{"provider":"email"}}', '2024-12-05 23:43:03.075204+00', ''),
	('00000000-0000-0000-0000-000000000000', '03dae7e3-9954-46a6-9cc1-7f25241f6e97', '{"action":"login","actor_id":"97680bcf-f3b4-4565-a029-27739016345c","actor_username":"megan@gmail.com","actor_via_sso":false,"log_type":"account","traits":{"provider":"email"}}', '2024-12-05 23:43:03.078538+00', ''),
	('00000000-0000-0000-0000-000000000000', '38d58229-d802-4619-a6b2-c82b4c8ee29f', '{"action":"logout","actor_id":"97680bcf-f3b4-4565-a029-27739016345c","actor_username":"megan@gmail.com","actor_via_sso":false,"log_type":"account"}', '2024-12-05 23:43:25.707632+00', ''),
	('00000000-0000-0000-0000-000000000000', '19394238-dc73-43f5-9ba3-47a8b8f4d632', '{"action":"login","actor_id":"97680bcf-f3b4-4565-a029-27739016345c","actor_username":"megan@gmail.com","actor_via_sso":false,"log_type":"account","traits":{"provider":"email"}}', '2024-12-05 23:49:11.401836+00', ''),
	('00000000-0000-0000-0000-000000000000', '4d28ea58-48da-4128-ac86-6b9978057888', '{"action":"logout","actor_id":"97680bcf-f3b4-4565-a029-27739016345c","actor_username":"megan@gmail.com","actor_via_sso":false,"log_type":"account"}', '2024-12-05 23:49:15.350328+00', ''),
	('00000000-0000-0000-0000-000000000000', '6427100f-bf72-4db4-b248-a34f174de27e', '{"action":"user_signedup","actor_id":"38d0bae9-6280-4dfe-aa2e-8221fc0f2900","actor_username":"yoly@gmail.com","actor_via_sso":false,"log_type":"team","traits":{"provider":"email"}}', '2024-12-06 00:30:12.369716+00', ''),
	('00000000-0000-0000-0000-000000000000', '5c2dd8ef-6a15-4b87-bc2f-f1f59eefe76b', '{"action":"login","actor_id":"38d0bae9-6280-4dfe-aa2e-8221fc0f2900","actor_username":"yoly@gmail.com","actor_via_sso":false,"log_type":"account","traits":{"provider":"email"}}', '2024-12-06 00:30:12.373365+00', ''),
	('00000000-0000-0000-0000-000000000000', '28dd440e-45fb-47aa-94b5-471cc84267e5', '{"action":"login","actor_id":"38d0bae9-6280-4dfe-aa2e-8221fc0f2900","actor_username":"yoly@gmail.com","actor_via_sso":false,"log_type":"account","traits":{"provider":"email"}}', '2024-12-06 00:47:27.439229+00', ''),
	('00000000-0000-0000-0000-000000000000', 'aaf43a60-236e-446e-984e-658fbabbc2a6', '{"action":"logout","actor_id":"38d0bae9-6280-4dfe-aa2e-8221fc0f2900","actor_username":"yoly@gmail.com","actor_via_sso":false,"log_type":"account"}', '2024-12-06 01:05:00.148489+00', ''),
	('00000000-0000-0000-0000-000000000000', 'b4a72641-cc9c-4edc-9c5c-afb080d5f487', '{"action":"user_signedup","actor_id":"dd0e512b-a716-4ff7-b924-bfbef183039e","actor_username":"ryanthecat@gmail.com","actor_via_sso":false,"log_type":"team","traits":{"provider":"email"}}', '2024-12-06 01:05:49.077778+00', ''),
	('00000000-0000-0000-0000-000000000000', 'a63004bb-4ef0-4095-a327-564326705628', '{"action":"login","actor_id":"dd0e512b-a716-4ff7-b924-bfbef183039e","actor_username":"ryanthecat@gmail.com","actor_via_sso":false,"log_type":"account","traits":{"provider":"email"}}', '2024-12-06 01:05:49.081942+00', ''),
	('00000000-0000-0000-0000-000000000000', 'e8b3871b-7c8d-45e5-8668-7d1bb65ea5e7', '{"action":"login","actor_id":"dd0e512b-a716-4ff7-b924-bfbef183039e","actor_username":"ryanthecat@gmail.com","actor_via_sso":false,"log_type":"account","traits":{"provider":"email"}}', '2024-12-06 01:55:25.424533+00', ''),
	('00000000-0000-0000-0000-000000000000', '09bba4b5-a175-4db2-b993-6ff95dac995a', '{"action":"login","actor_id":"97680bcf-f3b4-4565-a029-27739016345c","actor_username":"megan@gmail.com","actor_via_sso":false,"log_type":"account","traits":{"provider":"email"}}', '2024-12-06 02:05:57.284918+00', ''),
	('00000000-0000-0000-0000-000000000000', '08ff6a56-6369-4761-a774-91bc54f3167c', '{"action":"logout","actor_id":"97680bcf-f3b4-4565-a029-27739016345c","actor_username":"megan@gmail.com","actor_via_sso":false,"log_type":"account"}', '2024-12-06 02:06:13.440489+00', ''),
	('00000000-0000-0000-0000-000000000000', '94c26ec5-ddac-4795-a1fc-9280cf9e3f0a', '{"action":"login","actor_id":"97680bcf-f3b4-4565-a029-27739016345c","actor_username":"megan@gmail.com","actor_via_sso":false,"log_type":"account","traits":{"provider":"email"}}', '2024-12-06 02:06:21.490837+00', ''),
	('00000000-0000-0000-0000-000000000000', '814b0297-651b-4764-aa4a-90210c9eae8a', '{"action":"token_refreshed","actor_id":"dd0e512b-a716-4ff7-b924-bfbef183039e","actor_username":"ryanthecat@gmail.com","actor_via_sso":false,"log_type":"token"}', '2024-12-06 02:06:49.002959+00', ''),
	('00000000-0000-0000-0000-000000000000', '6d1b7898-f45e-4554-913d-6d39937c4473', '{"action":"token_revoked","actor_id":"dd0e512b-a716-4ff7-b924-bfbef183039e","actor_username":"ryanthecat@gmail.com","actor_via_sso":false,"log_type":"token"}', '2024-12-06 02:06:49.003677+00', ''),
	('00000000-0000-0000-0000-000000000000', '4f7897e6-aa11-4c6f-8ba5-c33453f99f99', '{"action":"login","actor_id":"97680bcf-f3b4-4565-a029-27739016345c","actor_username":"megan@gmail.com","actor_via_sso":false,"log_type":"account","traits":{"provider":"email"}}', '2024-12-06 02:23:44.180057+00', ''),
	('00000000-0000-0000-0000-000000000000', 'f563e38c-6602-4b14-bbed-7faecd8e113d', '{"action":"token_refreshed","actor_id":"dd0e512b-a716-4ff7-b924-bfbef183039e","actor_username":"ryanthecat@gmail.com","actor_via_sso":false,"log_type":"token"}', '2024-12-06 03:08:59.825761+00', ''),
	('00000000-0000-0000-0000-000000000000', 'a4478f52-f0d8-493c-b06b-0d3d6081e43f', '{"action":"token_revoked","actor_id":"dd0e512b-a716-4ff7-b924-bfbef183039e","actor_username":"ryanthecat@gmail.com","actor_via_sso":false,"log_type":"token"}', '2024-12-06 03:08:59.827951+00', ''),
	('00000000-0000-0000-0000-000000000000', 'b9b80417-765e-47b6-a38a-88fa7cb748c4', '{"action":"token_refreshed","actor_id":"97680bcf-f3b4-4565-a029-27739016345c","actor_username":"megan@gmail.com","actor_via_sso":false,"log_type":"token"}', '2024-12-06 04:34:15.889876+00', ''),
	('00000000-0000-0000-0000-000000000000', '9b55d7f1-5931-43b2-9446-141a5f4b80f5', '{"action":"token_revoked","actor_id":"97680bcf-f3b4-4565-a029-27739016345c","actor_username":"megan@gmail.com","actor_via_sso":false,"log_type":"token"}', '2024-12-06 04:34:15.89223+00', ''),
	('00000000-0000-0000-0000-000000000000', 'bebc7d2a-8b35-45c1-9daa-936928eb7577', '{"action":"token_refreshed","actor_id":"dd0e512b-a716-4ff7-b924-bfbef183039e","actor_username":"ryanthecat@gmail.com","actor_via_sso":false,"log_type":"token"}', '2024-12-06 04:55:01.701446+00', ''),
	('00000000-0000-0000-0000-000000000000', '2c2b9c7f-a10e-4956-a612-621223e06e40', '{"action":"token_revoked","actor_id":"dd0e512b-a716-4ff7-b924-bfbef183039e","actor_username":"ryanthecat@gmail.com","actor_via_sso":false,"log_type":"token"}', '2024-12-06 04:55:01.703133+00', ''),
	('00000000-0000-0000-0000-000000000000', 'ccded4f6-efff-4bb3-bbfe-50d7b6dbb0ec', '{"action":"token_refreshed","actor_id":"dd0e512b-a716-4ff7-b924-bfbef183039e","actor_username":"ryanthecat@gmail.com","actor_via_sso":false,"log_type":"token"}', '2024-12-06 04:55:01.84351+00', ''),
	('00000000-0000-0000-0000-000000000000', 'd70f0eb3-780c-4593-9383-f31ba0f65ea0', '{"action":"token_refreshed","actor_id":"97680bcf-f3b4-4565-a029-27739016345c","actor_username":"megan@gmail.com","actor_via_sso":false,"log_type":"token"}', '2024-12-06 05:28:30.458274+00', ''),
	('00000000-0000-0000-0000-000000000000', '700b9542-3849-4176-b566-3c8b4799b7f4', '{"action":"token_revoked","actor_id":"97680bcf-f3b4-4565-a029-27739016345c","actor_username":"megan@gmail.com","actor_via_sso":false,"log_type":"token"}', '2024-12-06 05:28:30.460516+00', ''),
	('00000000-0000-0000-0000-000000000000', 'fb6c0e27-6f73-457f-b80c-98c3f3971ddf', '{"action":"user_signedup","actor_id":"0beb0045-c926-487b-b09a-0d72eaceb798","actor_username":"morty@gmail.com","actor_via_sso":false,"log_type":"team","traits":{"provider":"email"}}', '2024-12-06 05:33:50.970253+00', ''),
	('00000000-0000-0000-0000-000000000000', 'a5c3321d-f5e2-43fe-931c-d8d26993827e', '{"action":"login","actor_id":"0beb0045-c926-487b-b09a-0d72eaceb798","actor_username":"morty@gmail.com","actor_via_sso":false,"log_type":"account","traits":{"provider":"email"}}', '2024-12-06 05:33:50.976524+00', ''),
	('00000000-0000-0000-0000-000000000000', 'c029f61f-1064-4200-b292-33e51e67814c', '{"action":"logout","actor_id":"0beb0045-c926-487b-b09a-0d72eaceb798","actor_username":"morty@gmail.com","actor_via_sso":false,"log_type":"account"}', '2024-12-06 05:34:13.46454+00', ''),
	('00000000-0000-0000-0000-000000000000', 'c810421b-15f3-4951-8c82-8349cc721f76', '{"action":"login","actor_id":"0beb0045-c926-487b-b09a-0d72eaceb798","actor_username":"morty@gmail.com","actor_via_sso":false,"log_type":"account","traits":{"provider":"email"}}', '2024-12-06 05:34:23.009343+00', ''),
	('00000000-0000-0000-0000-000000000000', '5e4bf003-a625-4f25-98dd-74e74d4d689a', '{"action":"logout","actor_id":"0beb0045-c926-487b-b09a-0d72eaceb798","actor_username":"morty@gmail.com","actor_via_sso":false,"log_type":"account"}', '2024-12-06 05:37:45.85907+00', ''),
	('00000000-0000-0000-0000-000000000000', 'ec857d96-20d8-4f60-a0b3-b8e3817dbecc', '{"action":"login","actor_id":"0beb0045-c926-487b-b09a-0d72eaceb798","actor_username":"morty@gmail.com","actor_via_sso":false,"log_type":"account","traits":{"provider":"email"}}', '2024-12-06 05:38:12.690026+00', ''),
	('00000000-0000-0000-0000-000000000000', '4dbcc6c0-ac01-4ebb-b277-8384c2e72357', '{"action":"logout","actor_id":"0beb0045-c926-487b-b09a-0d72eaceb798","actor_username":"morty@gmail.com","actor_via_sso":false,"log_type":"account"}', '2024-12-06 06:06:42.47232+00', ''),
	('00000000-0000-0000-0000-000000000000', '84038566-4712-4b11-ba8c-dd2e77068de6', '{"action":"user_signedup","actor_id":"9c54d794-ddc4-425b-bc31-9eabcc9edc4e","actor_username":"louis@gmail.com","actor_via_sso":false,"log_type":"team","traits":{"provider":"email"}}', '2024-12-06 06:06:56.464435+00', ''),
	('00000000-0000-0000-0000-000000000000', 'da46481c-c56d-4580-bfae-de7479867941', '{"action":"login","actor_id":"9c54d794-ddc4-425b-bc31-9eabcc9edc4e","actor_username":"louis@gmail.com","actor_via_sso":false,"log_type":"account","traits":{"provider":"email"}}', '2024-12-06 06:06:56.467751+00', ''),
	('00000000-0000-0000-0000-000000000000', 'd6e0b0b8-2e7e-46af-b708-46368cae7610', '{"action":"login","actor_id":"9c54d794-ddc4-425b-bc31-9eabcc9edc4e","actor_username":"louis@gmail.com","actor_via_sso":false,"log_type":"account","traits":{"provider":"email"}}', '2024-12-06 06:27:06.422014+00', ''),
	('00000000-0000-0000-0000-000000000000', '72849af3-c480-455d-9e5d-6aa20f049cf8', '{"action":"user_signedup","actor_id":"ac48cdc3-0dbd-4c26-bfd0-abc53fd89489","actor_username":"matthew@gmail.com","actor_via_sso":false,"log_type":"team","traits":{"provider":"email"}}', '2024-12-06 06:28:08.411457+00', ''),
	('00000000-0000-0000-0000-000000000000', '69f74db1-691e-452a-9656-9c7bf81d821f', '{"action":"login","actor_id":"ac48cdc3-0dbd-4c26-bfd0-abc53fd89489","actor_username":"matthew@gmail.com","actor_via_sso":false,"log_type":"account","traits":{"provider":"email"}}', '2024-12-06 06:28:08.414724+00', ''),
	('00000000-0000-0000-0000-000000000000', 'ab4e29da-73e2-4059-b388-cc6fe5b23391', '{"action":"logout","actor_id":"ac48cdc3-0dbd-4c26-bfd0-abc53fd89489","actor_username":"matthew@gmail.com","actor_via_sso":false,"log_type":"account"}', '2024-12-06 06:28:24.594839+00', ''),
	('00000000-0000-0000-0000-000000000000', '20ee0cb4-c7eb-4451-9b4c-c64bd062c478', '{"action":"login","actor_id":"ac48cdc3-0dbd-4c26-bfd0-abc53fd89489","actor_username":"matthew@gmail.com","actor_via_sso":false,"log_type":"account","traits":{"provider":"email"}}', '2024-12-06 06:28:40.611351+00', ''),
	('00000000-0000-0000-0000-000000000000', '96e9be1a-eacb-40f2-bd94-77d32e7b8e7e', '{"action":"logout","actor_id":"ac48cdc3-0dbd-4c26-bfd0-abc53fd89489","actor_username":"matthew@gmail.com","actor_via_sso":false,"log_type":"account"}', '2024-12-06 06:32:13.567586+00', ''),
	('00000000-0000-0000-0000-000000000000', 'b7af83e3-0adb-429a-92b6-288afa44ba14', '{"action":"user_signedup","actor_id":"41c5f4a4-98ab-444a-a254-9af214c68b1f","actor_username":"raven@gmail.com","actor_via_sso":false,"log_type":"team","traits":{"provider":"email"}}', '2024-12-06 06:32:32.356565+00', ''),
	('00000000-0000-0000-0000-000000000000', '08063967-17f9-4343-b2dd-82283da08a23', '{"action":"login","actor_id":"41c5f4a4-98ab-444a-a254-9af214c68b1f","actor_username":"raven@gmail.com","actor_via_sso":false,"log_type":"account","traits":{"provider":"email"}}', '2024-12-06 06:32:32.360863+00', ''),
	('00000000-0000-0000-0000-000000000000', '4e86364b-77aa-4681-924b-a9af2461a17d', '{"action":"login","actor_id":"0beb0045-c926-487b-b09a-0d72eaceb798","actor_username":"morty@gmail.com","actor_via_sso":false,"log_type":"account","traits":{"provider":"email"}}', '2024-12-06 06:56:21.559162+00', ''),
	('00000000-0000-0000-0000-000000000000', '19f3607b-aa57-47b5-b8fd-7c6f8609da9f', '{"action":"logout","actor_id":"41c5f4a4-98ab-444a-a254-9af214c68b1f","actor_username":"raven@gmail.com","actor_via_sso":false,"log_type":"account"}', '2024-12-06 07:04:37.738859+00', ''),
	('00000000-0000-0000-0000-000000000000', '24728664-ba6d-4066-8e66-dba3ed69cc84', '{"action":"login","actor_id":"41c5f4a4-98ab-444a-a254-9af214c68b1f","actor_username":"raven@gmail.com","actor_via_sso":false,"log_type":"account","traits":{"provider":"email"}}', '2024-12-06 07:09:24.646585+00', ''),
	('00000000-0000-0000-0000-000000000000', 'a5703fe6-70d7-48fd-a3f5-2e2163f2fbec', '{"action":"user_signedup","actor_id":"54f4aad0-5e28-4240-9fec-3fa35d93e26b","actor_username":"summer@gmail.com","actor_via_sso":false,"log_type":"team","traits":{"provider":"email"}}', '2024-12-06 07:10:07.323052+00', ''),
	('00000000-0000-0000-0000-000000000000', '9965e644-561b-48d2-92f2-22a838323361', '{"action":"login","actor_id":"54f4aad0-5e28-4240-9fec-3fa35d93e26b","actor_username":"summer@gmail.com","actor_via_sso":false,"log_type":"account","traits":{"provider":"email"}}', '2024-12-06 07:10:07.327805+00', ''),
	('00000000-0000-0000-0000-000000000000', '10010333-bf6f-45c4-9ccd-cd4f9d48419b', '{"action":"login","actor_id":"54f4aad0-5e28-4240-9fec-3fa35d93e26b","actor_username":"summer@gmail.com","actor_via_sso":false,"log_type":"account","traits":{"provider":"email"}}', '2024-12-06 07:11:29.523397+00', ''),
	('00000000-0000-0000-0000-000000000000', 'bf8af657-4713-4119-87db-9ac71f5a6b82', '{"action":"login","actor_id":"54f4aad0-5e28-4240-9fec-3fa35d93e26b","actor_username":"summer@gmail.com","actor_via_sso":false,"log_type":"account","traits":{"provider":"email"}}', '2024-12-06 07:14:52.501764+00', ''),
	('00000000-0000-0000-0000-000000000000', '3225cd62-ef3e-4ad9-8416-66acbfc449ab', '{"action":"logout","actor_id":"54f4aad0-5e28-4240-9fec-3fa35d93e26b","actor_username":"summer@gmail.com","actor_via_sso":false,"log_type":"account"}', '2024-12-06 07:18:01.334322+00', ''),
	('00000000-0000-0000-0000-000000000000', '8a062435-8f51-4770-99c0-bf9a584753b9', '{"action":"login","actor_id":"6e77e7d1-53cf-4043-adc6-7a81f16066f5","actor_username":"mickey@gmail.com","actor_via_sso":false,"log_type":"account","traits":{"provider":"email"}}', '2024-12-06 07:18:12.77011+00', ''),
	('00000000-0000-0000-0000-000000000000', '90d09b69-3d2e-4502-b3c3-6bb9bbe6986b', '{"action":"token_refreshed","actor_id":"6e77e7d1-53cf-4043-adc6-7a81f16066f5","actor_username":"mickey@gmail.com","actor_via_sso":false,"log_type":"token"}', '2024-12-06 18:07:08.54101+00', ''),
	('00000000-0000-0000-0000-000000000000', '1e8dc300-35d2-4879-9ffe-76c132a96617', '{"action":"token_revoked","actor_id":"6e77e7d1-53cf-4043-adc6-7a81f16066f5","actor_username":"mickey@gmail.com","actor_via_sso":false,"log_type":"token"}', '2024-12-06 18:07:08.560969+00', ''),
	('00000000-0000-0000-0000-000000000000', 'a282f543-7439-42e1-8ebb-1167c3d52982', '{"action":"user_signedup","actor_id":"c7031ff6-9559-40b8-bcda-61464c7c734a","actor_username":"ruby@gmail.com","actor_via_sso":false,"log_type":"team","traits":{"provider":"email"}}', '2024-12-06 18:08:04.74852+00', ''),
	('00000000-0000-0000-0000-000000000000', '2f162d48-2d4c-44d3-b374-cdd8062dce88', '{"action":"login","actor_id":"c7031ff6-9559-40b8-bcda-61464c7c734a","actor_username":"ruby@gmail.com","actor_via_sso":false,"log_type":"account","traits":{"provider":"email"}}', '2024-12-06 18:08:04.753757+00', ''),
	('00000000-0000-0000-0000-000000000000', 'b40744fe-5b8b-4ec1-a66c-b8c31639cdc0', '{"action":"login","actor_id":"c7031ff6-9559-40b8-bcda-61464c7c734a","actor_username":"ruby@gmail.com","actor_via_sso":false,"log_type":"account","traits":{"provider":"email"}}', '2024-12-06 18:09:33.974328+00', ''),
	('00000000-0000-0000-0000-000000000000', '8b067c2b-262d-4278-af49-809f46b4fb4e', '{"action":"logout","actor_id":"c7031ff6-9559-40b8-bcda-61464c7c734a","actor_username":"ruby@gmail.com","actor_via_sso":false,"log_type":"account"}', '2024-12-06 18:14:01.998369+00', ''),
	('00000000-0000-0000-0000-000000000000', 'fec76a3c-f393-44f0-a927-2a6bfe50d949', '{"action":"login","actor_id":"c7031ff6-9559-40b8-bcda-61464c7c734a","actor_username":"ruby@gmail.com","actor_via_sso":false,"log_type":"account","traits":{"provider":"email"}}', '2024-12-06 18:14:16.856602+00', ''),
	('00000000-0000-0000-0000-000000000000', '5add53da-dcd8-46b5-acd2-39b0d01759d8', '{"action":"logout","actor_id":"c7031ff6-9559-40b8-bcda-61464c7c734a","actor_username":"ruby@gmail.com","actor_via_sso":false,"log_type":"account"}', '2024-12-06 18:18:11.395588+00', ''),
	('00000000-0000-0000-0000-000000000000', '71e7b745-9f91-4139-b55d-ec487308d99c', '{"action":"login","actor_id":"c7031ff6-9559-40b8-bcda-61464c7c734a","actor_username":"ruby@gmail.com","actor_via_sso":false,"log_type":"account","traits":{"provider":"email"}}', '2024-12-06 18:18:24.163903+00', ''),
	('00000000-0000-0000-0000-000000000000', 'e29d1103-1d07-4ee8-96e3-d4554ad72953', '{"action":"user_signedup","actor_id":"17778f1f-7013-4485-8b0b-d8cbaca339cc","actor_username":"goofy@gmail.com","actor_via_sso":false,"log_type":"team","traits":{"provider":"email"}}', '2024-12-06 18:20:23.726105+00', ''),
	('00000000-0000-0000-0000-000000000000', '61c4e43f-65bb-4c63-a868-bb3b96c1e6e3', '{"action":"login","actor_id":"17778f1f-7013-4485-8b0b-d8cbaca339cc","actor_username":"goofy@gmail.com","actor_via_sso":false,"log_type":"account","traits":{"provider":"email"}}', '2024-12-06 18:20:23.732542+00', ''),
	('00000000-0000-0000-0000-000000000000', 'f2f21575-9840-4e9d-bc86-356011f86a3c', '{"action":"logout","actor_id":"c7031ff6-9559-40b8-bcda-61464c7c734a","actor_username":"ruby@gmail.com","actor_via_sso":false,"log_type":"account"}', '2024-12-06 18:36:20.214758+00', ''),
	('00000000-0000-0000-0000-000000000000', '7d00b694-01df-4f63-9f71-a5ab29cd6cfa', '{"action":"login","actor_id":"17778f1f-7013-4485-8b0b-d8cbaca339cc","actor_username":"goofy@gmail.com","actor_via_sso":false,"log_type":"account","traits":{"provider":"email"}}', '2024-12-06 18:36:42.433896+00', ''),
	('00000000-0000-0000-0000-000000000000', '685d47b4-6e0b-4492-aa7b-f37d606425a9', '{"action":"logout","actor_id":"17778f1f-7013-4485-8b0b-d8cbaca339cc","actor_username":"goofy@gmail.com","actor_via_sso":false,"log_type":"account"}', '2024-12-06 18:39:19.625821+00', ''),
	('00000000-0000-0000-0000-000000000000', '2361fc6f-dca7-4817-8cd8-08db487f3676', '{"action":"login","actor_id":"17778f1f-7013-4485-8b0b-d8cbaca339cc","actor_username":"goofy@gmail.com","actor_via_sso":false,"log_type":"account","traits":{"provider":"email"}}', '2024-12-06 18:39:26.501395+00', ''),
	('00000000-0000-0000-0000-000000000000', 'e24f6ceb-a1d2-490c-8bb0-5d8fc6ddb6e0', '{"action":"logout","actor_id":"17778f1f-7013-4485-8b0b-d8cbaca339cc","actor_username":"goofy@gmail.com","actor_via_sso":false,"log_type":"account"}', '2024-12-06 18:41:35.383273+00', ''),
	('00000000-0000-0000-0000-000000000000', '27fa820d-c5c4-4ef5-b01c-acae5420867b', '{"action":"user_signedup","actor_id":"ebf4d8fc-4f39-4707-9e07-d1f3c68dabb0","actor_username":"jack@gmail.com","actor_via_sso":false,"log_type":"team","traits":{"provider":"email"}}', '2024-12-06 18:41:49.487077+00', ''),
	('00000000-0000-0000-0000-000000000000', '858aa6dc-3e66-452f-81bf-4e356ff00156', '{"action":"login","actor_id":"ebf4d8fc-4f39-4707-9e07-d1f3c68dabb0","actor_username":"jack@gmail.com","actor_via_sso":false,"log_type":"account","traits":{"provider":"email"}}', '2024-12-06 18:41:49.492278+00', ''),
	('00000000-0000-0000-0000-000000000000', '499067b2-9239-47c7-af58-89b0ab5f2eba', '{"action":"logout","actor_id":"ebf4d8fc-4f39-4707-9e07-d1f3c68dabb0","actor_username":"jack@gmail.com","actor_via_sso":false,"log_type":"account"}', '2024-12-06 18:49:22.454874+00', ''),
	('00000000-0000-0000-0000-000000000000', '83843646-177e-48e3-968d-f02d4e4bb008', '{"action":"user_signedup","actor_id":"728f0682-86ca-4c78-a921-e59e8eb4b779","actor_username":"candy@gmail.com","actor_via_sso":false,"log_type":"team","traits":{"provider":"email"}}', '2024-12-06 18:49:42.419505+00', ''),
	('00000000-0000-0000-0000-000000000000', '98a72e52-17aa-46ca-99fe-3fdc02c27022', '{"action":"login","actor_id":"728f0682-86ca-4c78-a921-e59e8eb4b779","actor_username":"candy@gmail.com","actor_via_sso":false,"log_type":"account","traits":{"provider":"email"}}', '2024-12-06 18:49:42.423137+00', ''),
	('00000000-0000-0000-0000-000000000000', '35e230c7-89ee-498e-ba3c-803b207cf1ec', '{"action":"logout","actor_id":"728f0682-86ca-4c78-a921-e59e8eb4b779","actor_username":"candy@gmail.com","actor_via_sso":false,"log_type":"account"}', '2024-12-06 18:51:59.242842+00', ''),
	('00000000-0000-0000-0000-000000000000', 'e9022ce8-cf99-494d-ac65-1e8d384ddd3d', '{"action":"user_signedup","actor_id":"39292e4e-83a9-4a1f-80a9-9b1d814a1fba","actor_username":"roger@gmail.com","actor_via_sso":false,"log_type":"team","traits":{"provider":"email"}}', '2024-12-06 18:52:10.083994+00', ''),
	('00000000-0000-0000-0000-000000000000', '1fc29a42-8559-4fe1-ab8f-0442e2d71deb', '{"action":"login","actor_id":"39292e4e-83a9-4a1f-80a9-9b1d814a1fba","actor_username":"roger@gmail.com","actor_via_sso":false,"log_type":"account","traits":{"provider":"email"}}', '2024-12-06 18:52:10.087247+00', ''),
	('00000000-0000-0000-0000-000000000000', '557291dc-fca2-4842-b617-4a8f19b2f0b2', '{"action":"logout","actor_id":"39292e4e-83a9-4a1f-80a9-9b1d814a1fba","actor_username":"roger@gmail.com","actor_via_sso":false,"log_type":"account"}', '2024-12-06 19:03:56.417971+00', ''),
	('00000000-0000-0000-0000-000000000000', '753ea8cf-f12f-4a88-b7c0-a4bafee1e3f1', '{"action":"login","actor_id":"39292e4e-83a9-4a1f-80a9-9b1d814a1fba","actor_username":"roger@gmail.com","actor_via_sso":false,"log_type":"account","traits":{"provider":"email"}}', '2024-12-06 19:04:03.925603+00', ''),
	('00000000-0000-0000-0000-000000000000', 'df5d9639-0802-4ef9-a6ad-cca936deb206', '{"action":"login","actor_id":"39292e4e-83a9-4a1f-80a9-9b1d814a1fba","actor_username":"roger@gmail.com","actor_via_sso":false,"log_type":"account","traits":{"provider":"email"}}', '2024-12-06 19:19:17.927264+00', ''),
	('00000000-0000-0000-0000-000000000000', '9300a15a-53eb-47c3-bf58-4c61c69495f2', '{"action":"login","actor_id":"0beb0045-c926-487b-b09a-0d72eaceb798","actor_username":"morty@gmail.com","actor_via_sso":false,"log_type":"account","traits":{"provider":"email"}}', '2024-12-06 19:19:33.0862+00', ''),
	('00000000-0000-0000-0000-000000000000', 'e98a20ac-cfc7-4da8-9b9d-efac6d96cac2', '{"action":"user_repeated_signup","actor_id":"0703c12d-2d1c-4729-ad42-6d82d87779c5","actor_username":"beth@gmail.com","actor_via_sso":false,"log_type":"user","traits":{"provider":"email"}}', '2024-12-06 19:19:51.219326+00', ''),
	('00000000-0000-0000-0000-000000000000', 'b993551a-4bbc-4ed3-89a2-9ddd35df34ab', '{"action":"user_signedup","actor_id":"510ad148-d59d-4dcf-911f-5467d131c644","actor_username":"bethany@gmail.com","actor_via_sso":false,"log_type":"team","traits":{"provider":"email"}}', '2024-12-06 19:19:58.600212+00', ''),
	('00000000-0000-0000-0000-000000000000', '6c65b1ba-f93a-4107-96d7-66aa97e736b0', '{"action":"login","actor_id":"510ad148-d59d-4dcf-911f-5467d131c644","actor_username":"bethany@gmail.com","actor_via_sso":false,"log_type":"account","traits":{"provider":"email"}}', '2024-12-06 19:19:58.603868+00', ''),
	('00000000-0000-0000-0000-000000000000', '50499eb1-71fc-4965-98cb-3bcbf6ba5a3d', '{"action":"login","actor_id":"39292e4e-83a9-4a1f-80a9-9b1d814a1fba","actor_username":"roger@gmail.com","actor_via_sso":false,"log_type":"account","traits":{"provider":"email"}}', '2024-12-06 19:25:45.246976+00', ''),
	('00000000-0000-0000-0000-000000000000', '96f5f661-7f3a-4962-bd40-8605a18fbf1c', '{"action":"login","actor_id":"0703c12d-2d1c-4729-ad42-6d82d87779c5","actor_username":"beth@gmail.com","actor_via_sso":false,"log_type":"account","traits":{"provider":"email"}}', '2024-12-06 19:26:59.618902+00', ''),
	('00000000-0000-0000-0000-000000000000', '759b0c15-7a29-42cf-83d8-f045e0335599', '{"action":"login","actor_id":"39292e4e-83a9-4a1f-80a9-9b1d814a1fba","actor_username":"roger@gmail.com","actor_via_sso":false,"log_type":"account","traits":{"provider":"email"}}', '2024-12-06 19:33:24.44144+00', ''),
	('00000000-0000-0000-0000-000000000000', '1e603353-9b99-4f93-9c42-3404ea73f34b', '{"action":"login","actor_id":"39292e4e-83a9-4a1f-80a9-9b1d814a1fba","actor_username":"roger@gmail.com","actor_via_sso":false,"log_type":"account","traits":{"provider":"email"}}', '2024-12-06 19:37:29.858853+00', ''),
	('00000000-0000-0000-0000-000000000000', '3360a981-0786-4e99-858e-49fa9178bd7b', '{"action":"login","actor_id":"39292e4e-83a9-4a1f-80a9-9b1d814a1fba","actor_username":"roger@gmail.com","actor_via_sso":false,"log_type":"account","traits":{"provider":"email"}}', '2024-12-06 19:57:07.928263+00', ''),
	('00000000-0000-0000-0000-000000000000', '75bdc27f-3cf2-49b5-8c17-d35491abc270', '{"action":"login","actor_id":"39292e4e-83a9-4a1f-80a9-9b1d814a1fba","actor_username":"roger@gmail.com","actor_via_sso":false,"log_type":"account","traits":{"provider":"email"}}', '2024-12-06 20:03:12.68663+00', ''),
	('00000000-0000-0000-0000-000000000000', '648f0c3f-8c7a-49cf-9e19-3f940036df02', '{"action":"logout","actor_id":"39292e4e-83a9-4a1f-80a9-9b1d814a1fba","actor_username":"roger@gmail.com","actor_via_sso":false,"log_type":"account"}', '2024-12-06 20:10:10.708768+00', ''),
	('00000000-0000-0000-0000-000000000000', '4366cb71-a193-4522-b310-8a6fcf898724', '{"action":"login","actor_id":"39292e4e-83a9-4a1f-80a9-9b1d814a1fba","actor_username":"roger@gmail.com","actor_via_sso":false,"log_type":"account","traits":{"provider":"email"}}', '2024-12-06 20:10:18.720455+00', ''),
	('00000000-0000-0000-0000-000000000000', '9d675bb7-28d5-4801-9e04-c9f4bb0b0fab', '{"action":"logout","actor_id":"39292e4e-83a9-4a1f-80a9-9b1d814a1fba","actor_username":"roger@gmail.com","actor_via_sso":false,"log_type":"account"}', '2024-12-06 20:13:54.429035+00', ''),
	('00000000-0000-0000-0000-000000000000', 'f59ac9c3-c9e6-483a-8c88-aa338cb0aefe', '{"action":"user_signedup","actor_id":"e211035b-c79f-4049-862e-3a4c60810939","actor_username":"molly@gmail.com","actor_via_sso":false,"log_type":"team","traits":{"provider":"email"}}', '2024-12-06 20:14:12.240659+00', ''),
	('00000000-0000-0000-0000-000000000000', '81bbe879-ddc7-48f1-9f5b-49e2b9ee4be8', '{"action":"login","actor_id":"e211035b-c79f-4049-862e-3a4c60810939","actor_username":"molly@gmail.com","actor_via_sso":false,"log_type":"account","traits":{"provider":"email"}}', '2024-12-06 20:14:12.244145+00', ''),
	('00000000-0000-0000-0000-000000000000', '6e3dc494-c31c-4260-968c-25a3893e374d', '{"action":"login","actor_id":"39292e4e-83a9-4a1f-80a9-9b1d814a1fba","actor_username":"roger@gmail.com","actor_via_sso":false,"log_type":"account","traits":{"provider":"email"}}', '2024-12-06 20:19:29.53856+00', ''),
	('00000000-0000-0000-0000-000000000000', '2a8a3a35-2a16-40b3-89c3-ba1930d45c01', '{"action":"token_refreshed","actor_id":"0703c12d-2d1c-4729-ad42-6d82d87779c5","actor_username":"beth@gmail.com","actor_via_sso":false,"log_type":"token"}', '2024-12-06 20:36:06.473911+00', ''),
	('00000000-0000-0000-0000-000000000000', '9b541c53-56e7-489a-9485-ab051a5bd71c', '{"action":"token_revoked","actor_id":"0703c12d-2d1c-4729-ad42-6d82d87779c5","actor_username":"beth@gmail.com","actor_via_sso":false,"log_type":"token"}', '2024-12-06 20:36:06.475328+00', ''),
	('00000000-0000-0000-0000-000000000000', 'fa2b932d-a2d9-45bc-a991-22a6e5823f3b', '{"action":"login","actor_id":"39292e4e-83a9-4a1f-80a9-9b1d814a1fba","actor_username":"roger@gmail.com","actor_via_sso":false,"log_type":"account","traits":{"provider":"email"}}', '2024-12-06 20:57:03.771082+00', ''),
	('00000000-0000-0000-0000-000000000000', '26f3f722-7fab-41f6-9b58-17af4fb2fc66', '{"action":"logout","actor_id":"39292e4e-83a9-4a1f-80a9-9b1d814a1fba","actor_username":"roger@gmail.com","actor_via_sso":false,"log_type":"account"}', '2024-12-06 21:42:48.423531+00', ''),
	('00000000-0000-0000-0000-000000000000', '17443c96-f2db-406a-82f8-58e349f74419', '{"action":"login","actor_id":"0703c12d-2d1c-4729-ad42-6d82d87779c5","actor_username":"beth@gmail.com","actor_via_sso":false,"log_type":"account","traits":{"provider":"email"}}', '2024-12-06 21:43:01.475291+00', ''),
	('00000000-0000-0000-0000-000000000000', 'a6fa7e5b-3688-49bd-acf4-3ab5608ee5ff', '{"action":"login","actor_id":"39292e4e-83a9-4a1f-80a9-9b1d814a1fba","actor_username":"roger@gmail.com","actor_via_sso":false,"log_type":"account","traits":{"provider":"email"}}', '2024-12-06 21:56:27.35971+00', ''),
	('00000000-0000-0000-0000-000000000000', '661bdc71-9a86-4a73-b51d-87df7153a7f2', '{"action":"token_refreshed","actor_id":"39292e4e-83a9-4a1f-80a9-9b1d814a1fba","actor_username":"roger@gmail.com","actor_via_sso":false,"log_type":"token"}', '2024-12-06 23:44:05.84745+00', ''),
	('00000000-0000-0000-0000-000000000000', '8f4baa13-e0cd-40d2-8808-d7670938a76d', '{"action":"token_revoked","actor_id":"39292e4e-83a9-4a1f-80a9-9b1d814a1fba","actor_username":"roger@gmail.com","actor_via_sso":false,"log_type":"token"}', '2024-12-06 23:44:05.848382+00', ''),
	('00000000-0000-0000-0000-000000000000', 'e3020de3-802a-4353-837e-cba3715f61fa', '{"action":"login","actor_id":"39292e4e-83a9-4a1f-80a9-9b1d814a1fba","actor_username":"roger@gmail.com","actor_via_sso":false,"log_type":"account","traits":{"provider":"email"}}', '2024-12-07 00:15:17.082846+00', ''),
	('00000000-0000-0000-0000-000000000000', '47af56a8-db54-4010-810c-eed99185a7fb', '{"action":"user_signedup","actor_id":"13023665-71f0-46ab-93e8-139791f4ba6e","actor_username":"ollie@gmail.com","actor_via_sso":false,"log_type":"team","traits":{"provider":"email"}}', '2024-12-07 00:22:39.457063+00', ''),
	('00000000-0000-0000-0000-000000000000', '7cdfc19e-08fc-40c9-bbfa-3c7c52071842', '{"action":"login","actor_id":"13023665-71f0-46ab-93e8-139791f4ba6e","actor_username":"ollie@gmail.com","actor_via_sso":false,"log_type":"account","traits":{"provider":"email"}}', '2024-12-07 00:22:39.462723+00', ''),
	('00000000-0000-0000-0000-000000000000', 'f765cc5c-dcd7-4029-82cf-c82a92392fc5', '{"action":"token_refreshed","actor_id":"0703c12d-2d1c-4729-ad42-6d82d87779c5","actor_username":"beth@gmail.com","actor_via_sso":false,"log_type":"token"}', '2024-12-07 00:57:37.072241+00', ''),
	('00000000-0000-0000-0000-000000000000', 'e8e0d754-a58c-4527-8282-a8e2d7cb0261', '{"action":"token_revoked","actor_id":"0703c12d-2d1c-4729-ad42-6d82d87779c5","actor_username":"beth@gmail.com","actor_via_sso":false,"log_type":"token"}', '2024-12-07 00:57:37.073135+00', ''),
	('00000000-0000-0000-0000-000000000000', '5e168cc5-e62b-45f5-bb30-b2838791efe4', '{"action":"logout","actor_id":"0703c12d-2d1c-4729-ad42-6d82d87779c5","actor_username":"beth@gmail.com","actor_via_sso":false,"log_type":"account"}', '2024-12-07 00:57:46.945301+00', ''),
	('00000000-0000-0000-0000-000000000000', '2877f80f-294b-4c93-b9b8-0099cfb7fae5', '{"action":"user_signedup","actor_id":"c5c879b5-edcb-4b5a-a06a-6b0aa38e9cd9","actor_username":"romeo@gmail.com","actor_via_sso":false,"log_type":"team","traits":{"provider":"email"}}', '2024-12-07 00:58:05.538762+00', ''),
	('00000000-0000-0000-0000-000000000000', '067fd936-761d-446e-8208-c3068a2e3816', '{"action":"login","actor_id":"c5c879b5-edcb-4b5a-a06a-6b0aa38e9cd9","actor_username":"romeo@gmail.com","actor_via_sso":false,"log_type":"account","traits":{"provider":"email"}}', '2024-12-07 00:58:05.544113+00', ''),
	('00000000-0000-0000-0000-000000000000', '6f4247db-a8e9-4ec8-9f64-7f3265426d9b', '{"action":"logout","actor_id":"c5c879b5-edcb-4b5a-a06a-6b0aa38e9cd9","actor_username":"romeo@gmail.com","actor_via_sso":false,"log_type":"account"}', '2024-12-07 00:58:12.285148+00', ''),
	('00000000-0000-0000-0000-000000000000', '7f1fce37-8b10-43f2-b3bb-f1750e4dc123', '{"action":"login","actor_id":"c5c879b5-edcb-4b5a-a06a-6b0aa38e9cd9","actor_username":"romeo@gmail.com","actor_via_sso":false,"log_type":"account","traits":{"provider":"email"}}', '2024-12-07 00:58:20.14781+00', ''),
	('00000000-0000-0000-0000-000000000000', 'e279767e-fb44-411d-92df-1deb7b431715', '{"action":"token_refreshed","actor_id":"39292e4e-83a9-4a1f-80a9-9b1d814a1fba","actor_username":"roger@gmail.com","actor_via_sso":false,"log_type":"token"}', '2024-12-07 01:22:26.181841+00', ''),
	('00000000-0000-0000-0000-000000000000', 'be358571-0b27-4004-826e-2cdab2a4cc70', '{"action":"token_revoked","actor_id":"39292e4e-83a9-4a1f-80a9-9b1d814a1fba","actor_username":"roger@gmail.com","actor_via_sso":false,"log_type":"token"}', '2024-12-07 01:22:26.182727+00', ''),
	('00000000-0000-0000-0000-000000000000', 'e131e1e7-be2e-4695-aaed-968a2d4a8dc0', '{"action":"token_refreshed","actor_id":"13023665-71f0-46ab-93e8-139791f4ba6e","actor_username":"ollie@gmail.com","actor_via_sso":false,"log_type":"token"}', '2024-12-07 01:22:37.241866+00', ''),
	('00000000-0000-0000-0000-000000000000', '036bee6d-8b9f-41b0-8a66-46bf28893cea', '{"action":"token_revoked","actor_id":"13023665-71f0-46ab-93e8-139791f4ba6e","actor_username":"ollie@gmail.com","actor_via_sso":false,"log_type":"token"}', '2024-12-07 01:22:37.24338+00', ''),
	('00000000-0000-0000-0000-000000000000', '5e911ff2-efa0-476f-addd-c1e202d5ec9b', '{"action":"login","actor_id":"13023665-71f0-46ab-93e8-139791f4ba6e","actor_username":"ollie@gmail.com","actor_via_sso":false,"log_type":"account","traits":{"provider":"email"}}', '2024-12-07 01:24:46.016406+00', ''),
	('00000000-0000-0000-0000-000000000000', '4f41446c-167c-4b2d-89a9-d2b80777c9cd', '{"action":"login","actor_id":"13023665-71f0-46ab-93e8-139791f4ba6e","actor_username":"ollie@gmail.com","actor_via_sso":false,"log_type":"account","traits":{"provider":"email"}}', '2024-12-07 01:26:54.917488+00', ''),
	('00000000-0000-0000-0000-000000000000', 'd2a82cbe-f758-43f4-86f9-93cf5cd9d4a8', '{"action":"login","actor_id":"c5c879b5-edcb-4b5a-a06a-6b0aa38e9cd9","actor_username":"romeo@gmail.com","actor_via_sso":false,"log_type":"account","traits":{"provider":"email"}}', '2024-12-07 01:31:53.507967+00', ''),
	('00000000-0000-0000-0000-000000000000', '3568dfc6-1b55-4a0d-9f8b-afc5084e51d2', '{"action":"logout","actor_id":"c5c879b5-edcb-4b5a-a06a-6b0aa38e9cd9","actor_username":"romeo@gmail.com","actor_via_sso":false,"log_type":"account"}', '2024-12-07 01:32:37.37842+00', ''),
	('00000000-0000-0000-0000-000000000000', 'ff164460-a2b5-473f-86fa-75e4749376b2', '{"action":"login","actor_id":"c5c879b5-edcb-4b5a-a06a-6b0aa38e9cd9","actor_username":"romeo@gmail.com","actor_via_sso":false,"log_type":"account","traits":{"provider":"email"}}', '2024-12-07 01:32:46.311629+00', ''),
	('00000000-0000-0000-0000-000000000000', '4b288738-0219-4d9b-9a7e-fe62c1764de4', '{"action":"login","actor_id":"13023665-71f0-46ab-93e8-139791f4ba6e","actor_username":"ollie@gmail.com","actor_via_sso":false,"log_type":"account","traits":{"provider":"email"}}', '2024-12-07 01:34:31.419865+00', ''),
	('00000000-0000-0000-0000-000000000000', 'd70bdd94-d176-47d7-a6b3-6559072264cd', '{"action":"user_signedup","actor_id":"47a40492-97b7-45f3-9fd7-ad6f48454c5f","actor_username":"butters@gmail.com","actor_via_sso":false,"log_type":"team","traits":{"provider":"email"}}', '2024-12-07 01:36:07.949507+00', ''),
	('00000000-0000-0000-0000-000000000000', '5d6508e3-97bf-4cc6-8ccc-d4824b164ec5', '{"action":"login","actor_id":"47a40492-97b7-45f3-9fd7-ad6f48454c5f","actor_username":"butters@gmail.com","actor_via_sso":false,"log_type":"account","traits":{"provider":"email"}}', '2024-12-07 01:36:07.952609+00', ''),
	('00000000-0000-0000-0000-000000000000', 'f448cca6-ea3d-4840-a1ad-7952ac6cebcd', '{"action":"login","actor_id":"13023665-71f0-46ab-93e8-139791f4ba6e","actor_username":"ollie@gmail.com","actor_via_sso":false,"log_type":"account","traits":{"provider":"email"}}', '2024-12-07 01:40:39.569114+00', ''),
	('00000000-0000-0000-0000-000000000000', 'a78a9824-3e83-4065-94b2-962b08d52adf', '{"action":"login","actor_id":"13023665-71f0-46ab-93e8-139791f4ba6e","actor_username":"ollie@gmail.com","actor_via_sso":false,"log_type":"account","traits":{"provider":"email"}}', '2024-12-07 01:44:03.878556+00', ''),
	('00000000-0000-0000-0000-000000000000', '32f6da63-921a-4ae3-b392-21a0baa0b6c5', '{"action":"login","actor_id":"13023665-71f0-46ab-93e8-139791f4ba6e","actor_username":"ollie@gmail.com","actor_via_sso":false,"log_type":"account","traits":{"provider":"email"}}', '2024-12-07 01:46:20.598848+00', ''),
	('00000000-0000-0000-0000-000000000000', 'c1cf9974-b825-41b5-b29b-6d55a69f8a39', '{"action":"login","actor_id":"13023665-71f0-46ab-93e8-139791f4ba6e","actor_username":"ollie@gmail.com","actor_via_sso":false,"log_type":"account","traits":{"provider":"email"}}', '2024-12-07 01:57:56.96553+00', ''),
	('00000000-0000-0000-0000-000000000000', '04ddcd82-67d9-4b1c-8844-068f328f1ab4', '{"action":"login","actor_id":"13023665-71f0-46ab-93e8-139791f4ba6e","actor_username":"ollie@gmail.com","actor_via_sso":false,"log_type":"account","traits":{"provider":"email"}}', '2024-12-07 02:12:48.608518+00', ''),
	('00000000-0000-0000-0000-000000000000', 'd1e7fad2-51d7-4144-ae07-6b1d9992363d', '{"action":"token_refreshed","actor_id":"13023665-71f0-46ab-93e8-139791f4ba6e","actor_username":"ollie@gmail.com","actor_via_sso":false,"log_type":"token"}', '2024-12-07 02:53:18.105913+00', ''),
	('00000000-0000-0000-0000-000000000000', 'f772b888-454d-447c-98de-7f60b7c66b57', '{"action":"token_revoked","actor_id":"13023665-71f0-46ab-93e8-139791f4ba6e","actor_username":"ollie@gmail.com","actor_via_sso":false,"log_type":"token"}', '2024-12-07 02:53:18.10674+00', ''),
	('00000000-0000-0000-0000-000000000000', '1f7110ef-b13f-449f-b8e5-064a9b64e2e2', '{"action":"logout","actor_id":"13023665-71f0-46ab-93e8-139791f4ba6e","actor_username":"ollie@gmail.com","actor_via_sso":false,"log_type":"account"}', '2024-12-07 02:53:45.28016+00', ''),
	('00000000-0000-0000-0000-000000000000', '61cae084-9cf0-4a1e-8da9-f25378953598', '{"action":"login","actor_id":"39292e4e-83a9-4a1f-80a9-9b1d814a1fba","actor_username":"roger@gmail.com","actor_via_sso":false,"log_type":"account","traits":{"provider":"email"}}', '2024-12-07 02:54:05.98689+00', ''),
	('00000000-0000-0000-0000-000000000000', '61034f39-534e-4108-8db3-0214b01f424c', '{"action":"login","actor_id":"39292e4e-83a9-4a1f-80a9-9b1d814a1fba","actor_username":"roger@gmail.com","actor_via_sso":false,"log_type":"account","traits":{"provider":"email"}}', '2024-12-07 02:59:56.689969+00', ''),
	('00000000-0000-0000-0000-000000000000', 'ebe484b8-0467-48e9-bc60-3bed95fa657f', '{"action":"logout","actor_id":"39292e4e-83a9-4a1f-80a9-9b1d814a1fba","actor_username":"roger@gmail.com","actor_via_sso":false,"log_type":"account"}', '2024-12-07 03:04:54.436079+00', ''),
	('00000000-0000-0000-0000-000000000000', '4e5b5567-3f69-4efe-b786-d992f175af08', '{"action":"login","actor_id":"0703c12d-2d1c-4729-ad42-6d82d87779c5","actor_username":"beth@gmail.com","actor_via_sso":false,"log_type":"account","traits":{"provider":"email"}}', '2024-12-07 03:05:05.021126+00', ''),
	('00000000-0000-0000-0000-000000000000', 'f7807f2e-e5ec-4e72-bf5b-4489f8a571b1', '{"action":"logout","actor_id":"0703c12d-2d1c-4729-ad42-6d82d87779c5","actor_username":"beth@gmail.com","actor_via_sso":false,"log_type":"account"}', '2024-12-07 03:28:42.658848+00', ''),
	('00000000-0000-0000-0000-000000000000', 'c476ce1b-7661-42f2-9819-d9ff85e88a3d', '{"action":"login","actor_id":"0703c12d-2d1c-4729-ad42-6d82d87779c5","actor_username":"beth@gmail.com","actor_via_sso":false,"log_type":"account","traits":{"provider":"email"}}', '2024-12-07 03:28:49.346609+00', ''),
	('00000000-0000-0000-0000-000000000000', 'c7778446-755c-438f-bf9f-f8abfb80053a', '{"action":"login","actor_id":"c04d301b-ffed-42e4-af46-4ef8ae4295f8","actor_username":"coco@gmail.com","actor_via_sso":false,"log_type":"account","traits":{"provider":"email"}}', '2024-12-07 03:53:29.623166+00', ''),
	('00000000-0000-0000-0000-000000000000', 'cafbe5b0-90bb-4967-bbb6-cf710c0e8609', '{"action":"login","actor_id":"e211035b-c79f-4049-862e-3a4c60810939","actor_username":"molly@gmail.com","actor_via_sso":false,"log_type":"account","traits":{"provider":"email"}}', '2024-12-07 03:55:14.440201+00', ''),
	('00000000-0000-0000-0000-000000000000', 'f75831a4-479b-44a2-b188-8c570270e6cb', '{"action":"logout","actor_id":"c04d301b-ffed-42e4-af46-4ef8ae4295f8","actor_username":"coco@gmail.com","actor_via_sso":false,"log_type":"account"}', '2024-12-07 03:56:32.375743+00', ''),
	('00000000-0000-0000-0000-000000000000', 'a1a93e89-ed14-483c-a35f-bde0af2f8c8e', '{"action":"login","actor_id":"0703c12d-2d1c-4729-ad42-6d82d87779c5","actor_username":"beth@gmail.com","actor_via_sso":false,"log_type":"account","traits":{"provider":"email"}}', '2024-12-07 04:03:03.588354+00', ''),
	('00000000-0000-0000-0000-000000000000', '3de684ac-28d6-4814-9ab7-14002e875e81', '{"action":"login","actor_id":"0703c12d-2d1c-4729-ad42-6d82d87779c5","actor_username":"beth@gmail.com","actor_via_sso":false,"log_type":"account","traits":{"provider":"email"}}', '2024-12-07 04:03:26.829051+00', ''),
	('00000000-0000-0000-0000-000000000000', 'd7f04282-314c-4a93-94ac-93200c8d6f89', '{"action":"logout","actor_id":"0703c12d-2d1c-4729-ad42-6d82d87779c5","actor_username":"beth@gmail.com","actor_via_sso":false,"log_type":"account"}', '2024-12-07 04:07:09.540766+00', ''),
	('00000000-0000-0000-0000-000000000000', '50734cd4-7943-4f40-a112-49004396266b', '{"action":"login","actor_id":"0703c12d-2d1c-4729-ad42-6d82d87779c5","actor_username":"beth@gmail.com","actor_via_sso":false,"log_type":"account","traits":{"provider":"email"}}', '2024-12-07 04:10:27.050935+00', ''),
	('00000000-0000-0000-0000-000000000000', '634abcc3-24ee-435c-9579-307f45058122', '{"action":"logout","actor_id":"0703c12d-2d1c-4729-ad42-6d82d87779c5","actor_username":"beth@gmail.com","actor_via_sso":false,"log_type":"account"}', '2024-12-07 04:16:04.048019+00', ''),
	('00000000-0000-0000-0000-000000000000', 'd6f7d497-6d82-4766-bd71-30c433ff50a9', '{"action":"login","actor_id":"39292e4e-83a9-4a1f-80a9-9b1d814a1fba","actor_username":"roger@gmail.com","actor_via_sso":false,"log_type":"account","traits":{"provider":"email"}}', '2024-12-07 05:24:01.345571+00', ''),
	('00000000-0000-0000-0000-000000000000', 'a135e2b6-7e98-4a6a-a157-74ae5afad19b', '{"action":"logout","actor_id":"39292e4e-83a9-4a1f-80a9-9b1d814a1fba","actor_username":"roger@gmail.com","actor_via_sso":false,"log_type":"account"}', '2024-12-07 05:26:46.734422+00', ''),
	('00000000-0000-0000-0000-000000000000', 'de9b573f-fe09-4b24-9537-340617549985', '{"action":"login","actor_id":"13023665-71f0-46ab-93e8-139791f4ba6e","actor_username":"ollie@gmail.com","actor_via_sso":false,"log_type":"account","traits":{"provider":"email"}}', '2024-12-07 05:27:43.396319+00', ''),
	('00000000-0000-0000-0000-000000000000', '7211e3f9-249e-453b-a3fc-31ec448785d8', '{"action":"logout","actor_id":"13023665-71f0-46ab-93e8-139791f4ba6e","actor_username":"ollie@gmail.com","actor_via_sso":false,"log_type":"account"}', '2024-12-07 05:32:41.426595+00', ''),
	('00000000-0000-0000-0000-000000000000', '47269fdd-714c-4d8f-8687-e27003931c44', '{"action":"login","actor_id":"13023665-71f0-46ab-93e8-139791f4ba6e","actor_username":"ollie@gmail.com","actor_via_sso":false,"log_type":"account","traits":{"provider":"email"}}', '2024-12-07 05:32:51.198235+00', ''),
	('00000000-0000-0000-0000-000000000000', '0e60970e-8a55-4154-8177-2ebeb3870ec6', '{"action":"user_repeated_signup","actor_id":"a53da0a9-3fff-4e59-83b1-4466c348a752","actor_username":"josh@gmail.com","actor_via_sso":false,"log_type":"user","traits":{"provider":"email"}}', '2024-12-07 05:33:43.993569+00', ''),
	('00000000-0000-0000-0000-000000000000', '45c64e2b-577f-4b26-9c91-7c4920bd4544', '{"action":"user_signedup","actor_id":"bb37a041-9d88-49d6-9357-16815ea6c83e","actor_username":"benson@gmail.com","actor_via_sso":false,"log_type":"team","traits":{"provider":"email"}}', '2024-12-07 05:34:01.543863+00', ''),
	('00000000-0000-0000-0000-000000000000', '4db3ecdb-6a82-4505-96fa-84833189bfdc', '{"action":"login","actor_id":"bb37a041-9d88-49d6-9357-16815ea6c83e","actor_username":"benson@gmail.com","actor_via_sso":false,"log_type":"account","traits":{"provider":"email"}}', '2024-12-07 05:34:01.547162+00', ''),
	('00000000-0000-0000-0000-000000000000', 'b10e3ab9-8f8f-4f66-87fc-f2b3e43307ba', '{"action":"token_refreshed","actor_id":"13023665-71f0-46ab-93e8-139791f4ba6e","actor_username":"ollie@gmail.com","actor_via_sso":false,"log_type":"token"}', '2024-12-07 06:44:50.753792+00', ''),
	('00000000-0000-0000-0000-000000000000', 'bc454705-8d15-4bb9-acb1-1dbd08d01b13', '{"action":"token_revoked","actor_id":"13023665-71f0-46ab-93e8-139791f4ba6e","actor_username":"ollie@gmail.com","actor_via_sso":false,"log_type":"token"}', '2024-12-07 06:44:50.761064+00', ''),
	('00000000-0000-0000-0000-000000000000', '24ddbbd0-ef6e-489b-b67e-0c30bfc2b751', '{"action":"token_refreshed","actor_id":"bb37a041-9d88-49d6-9357-16815ea6c83e","actor_username":"benson@gmail.com","actor_via_sso":false,"log_type":"token"}', '2024-12-07 07:09:41.884173+00', ''),
	('00000000-0000-0000-0000-000000000000', '946e2d8a-a6d8-4819-933c-caa00844435a', '{"action":"token_revoked","actor_id":"bb37a041-9d88-49d6-9357-16815ea6c83e","actor_username":"benson@gmail.com","actor_via_sso":false,"log_type":"token"}', '2024-12-07 07:09:41.886776+00', ''),
	('00000000-0000-0000-0000-000000000000', '5fb535dd-25f6-4076-8bc6-20ac8fd204c5', '{"action":"logout","actor_id":"bb37a041-9d88-49d6-9357-16815ea6c83e","actor_username":"benson@gmail.com","actor_via_sso":false,"log_type":"account"}', '2024-12-07 07:11:30.96809+00', ''),
	('00000000-0000-0000-0000-000000000000', '0b9666a4-b389-40ae-96f9-ac964f4cd36e', '{"action":"logout","actor_id":"13023665-71f0-46ab-93e8-139791f4ba6e","actor_username":"ollie@gmail.com","actor_via_sso":false,"log_type":"account"}', '2024-12-07 07:12:27.012932+00', ''),
	('00000000-0000-0000-0000-000000000000', '5190d37a-09e3-4006-a15a-36c173fdfc60', '{"action":"user_signedup","actor_id":"eb525018-3d73-4bf1-a7cb-a8960efa3098","actor_username":"maloryjohnson@gmail.com","actor_via_sso":false,"log_type":"team","traits":{"provider":"email"}}', '2024-12-07 07:22:23.026823+00', ''),
	('00000000-0000-0000-0000-000000000000', '34cc6153-64f8-4385-8cf5-acc07244d024', '{"action":"login","actor_id":"eb525018-3d73-4bf1-a7cb-a8960efa3098","actor_username":"maloryjohnson@gmail.com","actor_via_sso":false,"log_type":"account","traits":{"provider":"email"}}', '2024-12-07 07:22:23.03288+00', ''),
	('00000000-0000-0000-0000-000000000000', '37985f37-4b11-427c-a221-adaea021d708', '{"action":"logout","actor_id":"eb525018-3d73-4bf1-a7cb-a8960efa3098","actor_username":"maloryjohnson@gmail.com","actor_via_sso":false,"log_type":"account"}', '2024-12-07 07:35:52.889828+00', ''),
	('00000000-0000-0000-0000-000000000000', '6de5f5b7-ce80-4274-9e04-b0c9ccfbb88c', '{"action":"login","actor_id":"39292e4e-83a9-4a1f-80a9-9b1d814a1fba","actor_username":"roger@gmail.com","actor_via_sso":false,"log_type":"account","traits":{"provider":"email"}}', '2024-12-07 07:36:05.874106+00', ''),
	('00000000-0000-0000-0000-000000000000', '8dcb0a39-d255-4780-b4ab-08483f566840', '{"action":"login","actor_id":"39292e4e-83a9-4a1f-80a9-9b1d814a1fba","actor_username":"roger@gmail.com","actor_via_sso":false,"log_type":"account","traits":{"provider":"email"}}', '2024-12-07 07:49:30.813809+00', ''),
	('00000000-0000-0000-0000-000000000000', 'e134232f-f4e5-479e-b858-e41151aa402a', '{"action":"logout","actor_id":"39292e4e-83a9-4a1f-80a9-9b1d814a1fba","actor_username":"roger@gmail.com","actor_via_sso":false,"log_type":"account"}', '2024-12-07 08:05:27.128202+00', ''),
	('00000000-0000-0000-0000-000000000000', '7bbfecc2-6613-4286-98fb-2172cc43ef0d', '{"action":"token_refreshed","actor_id":"e211035b-c79f-4049-862e-3a4c60810939","actor_username":"molly@gmail.com","actor_via_sso":false,"log_type":"token"}', '2024-12-07 08:05:37.165401+00', ''),
	('00000000-0000-0000-0000-000000000000', 'e2cbe4e6-b729-4085-bba5-732417a365e9', '{"action":"token_revoked","actor_id":"e211035b-c79f-4049-862e-3a4c60810939","actor_username":"molly@gmail.com","actor_via_sso":false,"log_type":"token"}', '2024-12-07 08:05:37.166045+00', ''),
	('00000000-0000-0000-0000-000000000000', '719aec4f-e3f8-4962-b009-1c6a1de7ff7d', '{"action":"login","actor_id":"39292e4e-83a9-4a1f-80a9-9b1d814a1fba","actor_username":"roger@gmail.com","actor_via_sso":false,"log_type":"account","traits":{"provider":"email"}}', '2024-12-07 08:09:20.350987+00', ''),
	('00000000-0000-0000-0000-000000000000', 'a888b2c0-578f-4c34-a4a8-a2ec8cd2c03c', '{"action":"logout","actor_id":"39292e4e-83a9-4a1f-80a9-9b1d814a1fba","actor_username":"roger@gmail.com","actor_via_sso":false,"log_type":"account"}', '2024-12-07 08:09:29.905408+00', ''),
	('00000000-0000-0000-0000-000000000000', '13d2b18c-6a7e-462e-85e3-26552ef58bbd', '{"action":"login","actor_id":"39292e4e-83a9-4a1f-80a9-9b1d814a1fba","actor_username":"roger@gmail.com","actor_via_sso":false,"log_type":"account","traits":{"provider":"email"}}', '2024-12-07 08:14:35.674685+00', ''),
	('00000000-0000-0000-0000-000000000000', 'd1ec99b2-faa5-4ca5-a811-800a3248efa8', '{"action":"logout","actor_id":"39292e4e-83a9-4a1f-80a9-9b1d814a1fba","actor_username":"roger@gmail.com","actor_via_sso":false,"log_type":"account"}', '2024-12-07 08:14:39.707+00', ''),
	('00000000-0000-0000-0000-000000000000', 'e52d145f-f828-4d75-a7f9-851b279de16e', '{"action":"logout","actor_id":"e211035b-c79f-4049-862e-3a4c60810939","actor_username":"molly@gmail.com","actor_via_sso":false,"log_type":"account"}', '2024-12-07 08:17:03.663355+00', ''),
	('00000000-0000-0000-0000-000000000000', '16f97277-b0d3-406c-b1e4-c94dd3f572ae', '{"action":"user_signedup","actor_id":"795a49c3-96bc-41eb-b705-650559e2177b","actor_username":"magicjohnson@gmail.com","actor_via_sso":false,"log_type":"team","traits":{"provider":"email"}}', '2024-12-07 08:17:24.763952+00', ''),
	('00000000-0000-0000-0000-000000000000', 'e32a4fa7-c1ed-44d2-a8e3-4bcfc6983a36', '{"action":"login","actor_id":"795a49c3-96bc-41eb-b705-650559e2177b","actor_username":"magicjohnson@gmail.com","actor_via_sso":false,"log_type":"account","traits":{"provider":"email"}}', '2024-12-07 08:17:24.769019+00', ''),
	('00000000-0000-0000-0000-000000000000', 'd211b109-8aae-45e4-bcfe-08c6b2cefa47', '{"action":"logout","actor_id":"795a49c3-96bc-41eb-b705-650559e2177b","actor_username":"magicjohnson@gmail.com","actor_via_sso":false,"log_type":"account"}', '2024-12-07 08:36:42.237818+00', ''),
	('00000000-0000-0000-0000-000000000000', '437465a1-684f-45f0-90a2-55618d9a3e28', '{"action":"login","actor_id":"39292e4e-83a9-4a1f-80a9-9b1d814a1fba","actor_username":"roger@gmail.com","actor_via_sso":false,"log_type":"account","traits":{"provider":"email"}}', '2024-12-07 08:43:27.355343+00', ''),
	('00000000-0000-0000-0000-000000000000', '6569cea8-0305-44c1-a6c4-e912c4947a5a', '{"action":"login","actor_id":"0703c12d-2d1c-4729-ad42-6d82d87779c5","actor_username":"beth@gmail.com","actor_via_sso":false,"log_type":"account","traits":{"provider":"email"}}', '2024-12-07 08:51:44.910314+00', ''),
	('00000000-0000-0000-0000-000000000000', '37691c49-b83a-4e07-b56f-bb0afc516477', '{"action":"login","actor_id":"0703c12d-2d1c-4729-ad42-6d82d87779c5","actor_username":"beth@gmail.com","actor_via_sso":false,"log_type":"account","traits":{"provider":"email"}}', '2024-12-07 08:57:38.986675+00', ''),
	('00000000-0000-0000-0000-000000000000', '87ab07de-9697-4b66-8563-428c2cebb4b2', '{"action":"logout","actor_id":"0703c12d-2d1c-4729-ad42-6d82d87779c5","actor_username":"beth@gmail.com","actor_via_sso":false,"log_type":"account"}', '2024-12-07 08:57:54.645538+00', ''),
	('00000000-0000-0000-0000-000000000000', '0380fc3b-df45-4df6-ab1d-b55540de27d7', '{"action":"login","actor_id":"39292e4e-83a9-4a1f-80a9-9b1d814a1fba","actor_username":"roger@gmail.com","actor_via_sso":false,"log_type":"account","traits":{"provider":"email"}}', '2024-12-07 15:28:08.875641+00', ''),
	('00000000-0000-0000-0000-000000000000', '73e5ca92-0079-4a96-9374-58bb30d7ce7a', '{"action":"login","actor_id":"39292e4e-83a9-4a1f-80a9-9b1d814a1fba","actor_username":"roger@gmail.com","actor_via_sso":false,"log_type":"account","traits":{"provider":"email"}}', '2024-12-07 16:39:20.080305+00', ''),
	('00000000-0000-0000-0000-000000000000', '0bd4db47-f7d6-4f56-af92-1df87160e49f', '{"action":"login","actor_id":"13023665-71f0-46ab-93e8-139791f4ba6e","actor_username":"ollie@gmail.com","actor_via_sso":false,"log_type":"account","traits":{"provider":"email"}}', '2024-12-07 16:45:31.264919+00', ''),
	('00000000-0000-0000-0000-000000000000', 'd77172bc-f165-48fb-865e-44e101e5c773', '{"action":"logout","actor_id":"13023665-71f0-46ab-93e8-139791f4ba6e","actor_username":"ollie@gmail.com","actor_via_sso":false,"log_type":"account"}', '2024-12-07 16:46:20.853746+00', ''),
	('00000000-0000-0000-0000-000000000000', '0ed0b669-87ce-4833-aa90-d23acbac0cee', '{"action":"logout","actor_id":"39292e4e-83a9-4a1f-80a9-9b1d814a1fba","actor_username":"roger@gmail.com","actor_via_sso":false,"log_type":"account"}', '2024-12-07 16:48:02.697236+00', ''),
	('00000000-0000-0000-0000-000000000000', '65807621-8d91-4ecb-b3a9-fb6d9c8d5667', '{"action":"login","actor_id":"13023665-71f0-46ab-93e8-139791f4ba6e","actor_username":"ollie@gmail.com","actor_via_sso":false,"log_type":"account","traits":{"provider":"email"}}', '2024-12-07 16:48:10.374646+00', ''),
	('00000000-0000-0000-0000-000000000000', 'f7a0eab8-6211-452d-a4d3-d71d47c208a6', '{"action":"logout","actor_id":"13023665-71f0-46ab-93e8-139791f4ba6e","actor_username":"ollie@gmail.com","actor_via_sso":false,"log_type":"account"}', '2024-12-07 16:50:13.353581+00', ''),
	('00000000-0000-0000-0000-000000000000', '1a4244b5-d136-4812-ad51-fccd10cb180a', '{"action":"login","actor_id":"0703c12d-2d1c-4729-ad42-6d82d87779c5","actor_username":"beth@gmail.com","actor_via_sso":false,"log_type":"account","traits":{"provider":"email"}}', '2024-12-07 16:50:22.956809+00', ''),
	('00000000-0000-0000-0000-000000000000', '23abe2d6-c5b0-4889-b110-94d360905ebb', '{"action":"user_signedup","actor_id":"76691c90-7ab6-4410-8bcc-1c9e0e05495a","actor_username":"joker@gmail.com","actor_via_sso":false,"log_type":"team","traits":{"provider":"email"}}', '2024-12-07 16:52:23.999648+00', ''),
	('00000000-0000-0000-0000-000000000000', '8be016ba-885c-4e48-9108-a9c65dd52274', '{"action":"login","actor_id":"76691c90-7ab6-4410-8bcc-1c9e0e05495a","actor_username":"joker@gmail.com","actor_via_sso":false,"log_type":"account","traits":{"provider":"email"}}', '2024-12-07 16:52:24.005957+00', ''),
	('00000000-0000-0000-0000-000000000000', '11660617-6174-4053-b6b5-0e586d79526b', '{"action":"logout","actor_id":"76691c90-7ab6-4410-8bcc-1c9e0e05495a","actor_username":"joker@gmail.com","actor_via_sso":false,"log_type":"account"}', '2024-12-07 16:59:41.805571+00', ''),
	('00000000-0000-0000-0000-000000000000', '1056187b-4d37-4589-a606-4687e7508627', '{"action":"login","actor_id":"13023665-71f0-46ab-93e8-139791f4ba6e","actor_username":"ollie@gmail.com","actor_via_sso":false,"log_type":"account","traits":{"provider":"email"}}', '2024-12-07 17:02:02.069083+00', ''),
	('00000000-0000-0000-0000-000000000000', '1ba24a3c-78f5-4d25-a1af-0a86b816ec08', '{"action":"login","actor_id":"39292e4e-83a9-4a1f-80a9-9b1d814a1fba","actor_username":"roger@gmail.com","actor_via_sso":false,"log_type":"account","traits":{"provider":"email"}}', '2024-12-07 17:04:55.222596+00', ''),
	('00000000-0000-0000-0000-000000000000', 'c992525b-27fc-4b75-a3fd-ce0fe5f42603', '{"action":"user_signedup","actor_id":"c06a3e2c-681a-42ba-a587-0a8bd363eac7","actor_username":"homer@gmail.com","actor_via_sso":false,"log_type":"team","traits":{"provider":"email"}}', '2024-12-07 17:23:48.246357+00', ''),
	('00000000-0000-0000-0000-000000000000', '6cc7579b-58e5-4b06-afec-21708c316a97', '{"action":"login","actor_id":"c06a3e2c-681a-42ba-a587-0a8bd363eac7","actor_username":"homer@gmail.com","actor_via_sso":false,"log_type":"account","traits":{"provider":"email"}}', '2024-12-07 17:23:48.252281+00', ''),
	('00000000-0000-0000-0000-000000000000', '94580234-fb79-42d1-85db-c63d194f24f8', '{"action":"logout","actor_id":"c06a3e2c-681a-42ba-a587-0a8bd363eac7","actor_username":"homer@gmail.com","actor_via_sso":false,"log_type":"account"}', '2024-12-07 17:25:37.377193+00', ''),
	('00000000-0000-0000-0000-000000000000', 'a522aa44-e799-457b-b12d-66cf7e3c32cf', '{"action":"login","actor_id":"c06a3e2c-681a-42ba-a587-0a8bd363eac7","actor_username":"homer@gmail.com","actor_via_sso":false,"log_type":"account","traits":{"provider":"email"}}', '2024-12-07 17:25:45.900582+00', ''),
	('00000000-0000-0000-0000-000000000000', '37983b5c-fa51-47a4-9554-9daa2405da54', '{"action":"logout","actor_id":"c06a3e2c-681a-42ba-a587-0a8bd363eac7","actor_username":"homer@gmail.com","actor_via_sso":false,"log_type":"account"}', '2024-12-07 17:25:53.657878+00', ''),
	('00000000-0000-0000-0000-000000000000', '6f2a6393-e434-45f0-a103-9086f4f8b909', '{"action":"user_signedup","actor_id":"77224d79-f9da-4b14-bb55-4bbfd4d25188","actor_username":"marge@gmail.com","actor_via_sso":false,"log_type":"team","traits":{"provider":"email"}}', '2024-12-07 17:26:07.321586+00', ''),
	('00000000-0000-0000-0000-000000000000', '0d63c8dc-8496-4950-8175-fc130cc16e75', '{"action":"login","actor_id":"77224d79-f9da-4b14-bb55-4bbfd4d25188","actor_username":"marge@gmail.com","actor_via_sso":false,"log_type":"account","traits":{"provider":"email"}}', '2024-12-07 17:26:07.324587+00', ''),
	('00000000-0000-0000-0000-000000000000', '3e57bd3c-bc0d-48b7-87a0-a74a9b4efe0a', '{"action":"token_refreshed","actor_id":"0703c12d-2d1c-4729-ad42-6d82d87779c5","actor_username":"beth@gmail.com","actor_via_sso":false,"log_type":"token"}', '2024-12-07 17:50:16.944553+00', ''),
	('00000000-0000-0000-0000-000000000000', '96433291-8f24-4415-88fe-b29ecb64e4f4', '{"action":"token_revoked","actor_id":"0703c12d-2d1c-4729-ad42-6d82d87779c5","actor_username":"beth@gmail.com","actor_via_sso":false,"log_type":"token"}', '2024-12-07 17:50:16.945467+00', ''),
	('00000000-0000-0000-0000-000000000000', '4e6d92b1-37be-495e-89a2-3ae29312c92d', '{"action":"token_refreshed","actor_id":"39292e4e-83a9-4a1f-80a9-9b1d814a1fba","actor_username":"roger@gmail.com","actor_via_sso":false,"log_type":"token"}', '2024-12-07 18:27:59.066597+00', ''),
	('00000000-0000-0000-0000-000000000000', 'fa26a193-52ed-47d6-9e7f-5ebc624ad8cc', '{"action":"token_revoked","actor_id":"39292e4e-83a9-4a1f-80a9-9b1d814a1fba","actor_username":"roger@gmail.com","actor_via_sso":false,"log_type":"token"}', '2024-12-07 18:27:59.067474+00', ''),
	('00000000-0000-0000-0000-000000000000', 'c1262a94-864e-45c0-a5d0-cdc5bd005891', '{"action":"token_refreshed","actor_id":"77224d79-f9da-4b14-bb55-4bbfd4d25188","actor_username":"marge@gmail.com","actor_via_sso":false,"log_type":"token"}', '2024-12-07 18:30:57.419893+00', ''),
	('00000000-0000-0000-0000-000000000000', '2c9acd3a-58d4-430a-87fb-4b39e0da69f0', '{"action":"token_revoked","actor_id":"77224d79-f9da-4b14-bb55-4bbfd4d25188","actor_username":"marge@gmail.com","actor_via_sso":false,"log_type":"token"}', '2024-12-07 18:30:57.420503+00', ''),
	('00000000-0000-0000-0000-000000000000', 'c9684d0e-f554-440e-b54a-4e0392f29313', '{"action":"logout","actor_id":"0703c12d-2d1c-4729-ad42-6d82d87779c5","actor_username":"beth@gmail.com","actor_via_sso":false,"log_type":"account"}', '2024-12-07 18:30:57.83023+00', ''),
	('00000000-0000-0000-0000-000000000000', '86edde4a-6b2a-4bfa-8044-7b16bfa86e97', '{"action":"token_refreshed","actor_id":"39292e4e-83a9-4a1f-80a9-9b1d814a1fba","actor_username":"roger@gmail.com","actor_via_sso":false,"log_type":"token"}', '2024-12-07 19:53:24.797475+00', ''),
	('00000000-0000-0000-0000-000000000000', '60c66e65-6925-4b58-ac37-b5718c2b0fb6', '{"action":"token_revoked","actor_id":"39292e4e-83a9-4a1f-80a9-9b1d814a1fba","actor_username":"roger@gmail.com","actor_via_sso":false,"log_type":"token"}', '2024-12-07 19:53:24.799842+00', ''),
	('00000000-0000-0000-0000-000000000000', 'b9cff9a0-37c3-41cb-88f0-f5e8497d895a', '{"action":"logout","actor_id":"39292e4e-83a9-4a1f-80a9-9b1d814a1fba","actor_username":"roger@gmail.com","actor_via_sso":false,"log_type":"account"}', '2024-12-07 19:54:41.035006+00', ''),
	('00000000-0000-0000-0000-000000000000', '808f6650-c8b6-4a9a-9d28-62e30fc34e0c', '{"action":"login","actor_id":"77224d79-f9da-4b14-bb55-4bbfd4d25188","actor_username":"marge@gmail.com","actor_via_sso":false,"log_type":"account","traits":{"provider":"email"}}', '2024-12-07 20:33:38.493561+00', ''),
	('00000000-0000-0000-0000-000000000000', 'b3ca42d1-f985-491c-b737-012ba152856d', '{"action":"login","actor_id":"0703c12d-2d1c-4729-ad42-6d82d87779c5","actor_username":"beth@gmail.com","actor_via_sso":false,"log_type":"account","traits":{"provider":"email"}}', '2024-12-07 20:49:43.174428+00', ''),
	('00000000-0000-0000-0000-000000000000', 'd1fc716d-edbd-4616-82eb-9904a7bb123b', '{"action":"logout","actor_id":"0703c12d-2d1c-4729-ad42-6d82d87779c5","actor_username":"beth@gmail.com","actor_via_sso":false,"log_type":"account"}', '2024-12-07 20:50:28.47362+00', ''),
	('00000000-0000-0000-0000-000000000000', 'e18adace-5377-43ab-a7cc-d37e35a37e5a', '{"action":"login","actor_id":"77224d79-f9da-4b14-bb55-4bbfd4d25188","actor_username":"marge@gmail.com","actor_via_sso":false,"log_type":"account","traits":{"provider":"email"}}', '2024-12-07 20:51:02.692881+00', ''),
	('00000000-0000-0000-0000-000000000000', '12ad840f-d656-4343-b0ae-883ee049447f', '{"action":"logout","actor_id":"77224d79-f9da-4b14-bb55-4bbfd4d25188","actor_username":"marge@gmail.com","actor_via_sso":false,"log_type":"account"}', '2024-12-07 21:01:16.020694+00', ''),
	('00000000-0000-0000-0000-000000000000', 'db7ee424-ea90-4a7a-b45e-39444053ed67', '{"action":"token_refreshed","actor_id":"13023665-71f0-46ab-93e8-139791f4ba6e","actor_username":"ollie@gmail.com","actor_via_sso":false,"log_type":"token"}', '2024-12-08 01:44:38.913841+00', ''),
	('00000000-0000-0000-0000-000000000000', 'c5cfda52-d0ad-4a7f-93f5-ea75f5ea9446', '{"action":"token_revoked","actor_id":"13023665-71f0-46ab-93e8-139791f4ba6e","actor_username":"ollie@gmail.com","actor_via_sso":false,"log_type":"token"}', '2024-12-08 01:44:38.917361+00', ''),
	('00000000-0000-0000-0000-000000000000', '81b088ad-aeb3-4725-beca-d46f061b7294', '{"action":"login","actor_id":"13023665-71f0-46ab-93e8-139791f4ba6e","actor_username":"ollie@gmail.com","actor_via_sso":false,"log_type":"account","traits":{"provider":"email"}}', '2024-12-08 01:47:28.537158+00', ''),
	('00000000-0000-0000-0000-000000000000', '81bb7626-fddf-4e42-a587-1d96dcd67d7f', '{"action":"logout","actor_id":"13023665-71f0-46ab-93e8-139791f4ba6e","actor_username":"ollie@gmail.com","actor_via_sso":false,"log_type":"account"}', '2024-12-08 01:57:17.688325+00', ''),
	('00000000-0000-0000-0000-000000000000', '0ca9c278-a956-406f-9ab6-664312e1cb31', '{"action":"login","actor_id":"77224d79-f9da-4b14-bb55-4bbfd4d25188","actor_username":"marge@gmail.com","actor_via_sso":false,"log_type":"account","traits":{"provider":"email"}}', '2024-12-08 01:57:26.505522+00', ''),
	('00000000-0000-0000-0000-000000000000', '95b4acb7-f105-448d-84ce-66faa4d8cd25', '{"action":"logout","actor_id":"77224d79-f9da-4b14-bb55-4bbfd4d25188","actor_username":"marge@gmail.com","actor_via_sso":false,"log_type":"account"}', '2024-12-08 01:58:11.303372+00', ''),
	('00000000-0000-0000-0000-000000000000', '0f10e95b-29de-4023-bad8-2166c09309da', '{"action":"login","actor_id":"0703c12d-2d1c-4729-ad42-6d82d87779c5","actor_username":"beth@gmail.com","actor_via_sso":false,"log_type":"account","traits":{"provider":"email"}}', '2024-12-08 01:58:22.171235+00', ''),
	('00000000-0000-0000-0000-000000000000', '60902e9b-86f6-4091-9120-752d54302504', '{"action":"login","actor_id":"0703c12d-2d1c-4729-ad42-6d82d87779c5","actor_username":"beth@gmail.com","actor_via_sso":false,"log_type":"account","traits":{"provider":"email"}}', '2024-12-08 01:59:05.820385+00', ''),
	('00000000-0000-0000-0000-000000000000', 'f166e0b3-cdea-4e7e-a63d-3159e05a00bf', '{"action":"login","actor_id":"0703c12d-2d1c-4729-ad42-6d82d87779c5","actor_username":"beth@gmail.com","actor_via_sso":false,"log_type":"account","traits":{"provider":"email"}}', '2024-12-08 03:10:52.749882+00', ''),
	('00000000-0000-0000-0000-000000000000', 'd0ffea4e-bcda-4e41-8b43-4d013795e2e1', '{"action":"token_refreshed","actor_id":"0703c12d-2d1c-4729-ad42-6d82d87779c5","actor_username":"beth@gmail.com","actor_via_sso":false,"log_type":"token"}', '2024-12-08 04:19:27.078963+00', ''),
	('00000000-0000-0000-0000-000000000000', '7c204e7b-44c7-42ac-bfd3-0f5603a7958f', '{"action":"token_revoked","actor_id":"0703c12d-2d1c-4729-ad42-6d82d87779c5","actor_username":"beth@gmail.com","actor_via_sso":false,"log_type":"token"}', '2024-12-08 04:19:27.081286+00', ''),
	('00000000-0000-0000-0000-000000000000', '29843d89-baeb-4375-b136-33684e5534ef', '{"action":"token_refreshed","actor_id":"0703c12d-2d1c-4729-ad42-6d82d87779c5","actor_username":"beth@gmail.com","actor_via_sso":false,"log_type":"token"}', '2024-12-08 16:56:45.72049+00', ''),
	('00000000-0000-0000-0000-000000000000', '3a6da179-b4a1-460c-80fb-da87d82ec33b', '{"action":"token_revoked","actor_id":"0703c12d-2d1c-4729-ad42-6d82d87779c5","actor_username":"beth@gmail.com","actor_via_sso":false,"log_type":"token"}', '2024-12-08 16:56:45.733252+00', ''),
	('00000000-0000-0000-0000-000000000000', '72695cbf-c41c-47a1-841c-61d436481867', '{"action":"token_refreshed","actor_id":"0703c12d-2d1c-4729-ad42-6d82d87779c5","actor_username":"beth@gmail.com","actor_via_sso":false,"log_type":"token"}', '2024-12-08 18:02:45.638691+00', ''),
	('00000000-0000-0000-0000-000000000000', '57185622-097d-4865-9917-a1d3faa8596f', '{"action":"token_revoked","actor_id":"0703c12d-2d1c-4729-ad42-6d82d87779c5","actor_username":"beth@gmail.com","actor_via_sso":false,"log_type":"token"}', '2024-12-08 18:02:45.640748+00', ''),
	('00000000-0000-0000-0000-000000000000', '85a18312-9fc6-4b85-a3b4-b5c079b82813', '{"action":"token_refreshed","actor_id":"0703c12d-2d1c-4729-ad42-6d82d87779c5","actor_username":"beth@gmail.com","actor_via_sso":false,"log_type":"token"}', '2024-12-08 18:41:28.738523+00', ''),
	('00000000-0000-0000-0000-000000000000', '26ffa9df-d54d-488c-bc29-6d9d8e541ff2', '{"action":"token_revoked","actor_id":"0703c12d-2d1c-4729-ad42-6d82d87779c5","actor_username":"beth@gmail.com","actor_via_sso":false,"log_type":"token"}', '2024-12-08 18:41:28.741394+00', ''),
	('00000000-0000-0000-0000-000000000000', 'b6c36cb3-0b86-4f58-ae2f-968c01901836', '{"action":"logout","actor_id":"0703c12d-2d1c-4729-ad42-6d82d87779c5","actor_username":"beth@gmail.com","actor_via_sso":false,"log_type":"account"}', '2024-12-08 18:46:56.095678+00', ''),
	('00000000-0000-0000-0000-000000000000', 'f66596d1-60ad-41ca-ba59-0bf9b94cb193', '{"action":"login","actor_id":"39292e4e-83a9-4a1f-80a9-9b1d814a1fba","actor_username":"roger@gmail.com","actor_via_sso":false,"log_type":"account","traits":{"provider":"email"}}', '2024-12-08 18:47:26.490686+00', ''),
	('00000000-0000-0000-0000-000000000000', '3473a176-748e-4e08-98a8-42ee631de1b9', '{"action":"token_refreshed","actor_id":"39292e4e-83a9-4a1f-80a9-9b1d814a1fba","actor_username":"roger@gmail.com","actor_via_sso":false,"log_type":"token"}', '2024-12-09 00:08:32.409661+00', ''),
	('00000000-0000-0000-0000-000000000000', 'b0d70b4a-c0c8-411c-b064-45c90be88fe6', '{"action":"token_revoked","actor_id":"39292e4e-83a9-4a1f-80a9-9b1d814a1fba","actor_username":"roger@gmail.com","actor_via_sso":false,"log_type":"token"}', '2024-12-09 00:08:32.414103+00', ''),
	('00000000-0000-0000-0000-000000000000', '690e564e-9f4b-4bc0-af20-f42f231bfd85', '{"action":"token_refreshed","actor_id":"39292e4e-83a9-4a1f-80a9-9b1d814a1fba","actor_username":"roger@gmail.com","actor_via_sso":false,"log_type":"token"}', '2024-12-09 01:08:33.429311+00', ''),
	('00000000-0000-0000-0000-000000000000', '8450ff1a-cea7-4a12-8fa1-6d420eacef65', '{"action":"token_revoked","actor_id":"39292e4e-83a9-4a1f-80a9-9b1d814a1fba","actor_username":"roger@gmail.com","actor_via_sso":false,"log_type":"token"}', '2024-12-09 01:08:33.430955+00', ''),
	('00000000-0000-0000-0000-000000000000', '57bb9fc2-7de6-4290-a6c8-07232290523a', '{"action":"token_refreshed","actor_id":"39292e4e-83a9-4a1f-80a9-9b1d814a1fba","actor_username":"roger@gmail.com","actor_via_sso":false,"log_type":"token"}', '2024-12-09 02:16:07.269011+00', ''),
	('00000000-0000-0000-0000-000000000000', '301d2c8b-b576-4e34-8172-48e87a49e814', '{"action":"token_revoked","actor_id":"39292e4e-83a9-4a1f-80a9-9b1d814a1fba","actor_username":"roger@gmail.com","actor_via_sso":false,"log_type":"token"}', '2024-12-09 02:16:07.272282+00', ''),
	('00000000-0000-0000-0000-000000000000', '4662a04e-753f-4297-921a-b20f62b25f05', '{"action":"token_refreshed","actor_id":"39292e4e-83a9-4a1f-80a9-9b1d814a1fba","actor_username":"roger@gmail.com","actor_via_sso":false,"log_type":"token"}', '2024-12-09 03:20:45.449726+00', ''),
	('00000000-0000-0000-0000-000000000000', 'e8269095-bb29-4e47-9fc7-c5942903158a', '{"action":"token_revoked","actor_id":"39292e4e-83a9-4a1f-80a9-9b1d814a1fba","actor_username":"roger@gmail.com","actor_via_sso":false,"log_type":"token"}', '2024-12-09 03:20:45.454378+00', ''),
	('00000000-0000-0000-0000-000000000000', 'd0700896-2be7-404c-a3f4-4e5a5a36211e', '{"action":"token_refreshed","actor_id":"39292e4e-83a9-4a1f-80a9-9b1d814a1fba","actor_username":"roger@gmail.com","actor_via_sso":false,"log_type":"token"}', '2024-12-09 04:27:35.213052+00', ''),
	('00000000-0000-0000-0000-000000000000', '0fe8143a-9927-4b9f-a67b-a36e7a780dd5', '{"action":"token_revoked","actor_id":"39292e4e-83a9-4a1f-80a9-9b1d814a1fba","actor_username":"roger@gmail.com","actor_via_sso":false,"log_type":"token"}', '2024-12-09 04:27:35.214639+00', ''),
	('00000000-0000-0000-0000-000000000000', '8d9b17a1-985c-4096-b900-9ad5220f76aa', '{"action":"token_refreshed","actor_id":"39292e4e-83a9-4a1f-80a9-9b1d814a1fba","actor_username":"roger@gmail.com","actor_via_sso":false,"log_type":"token"}', '2024-12-09 17:54:04.032082+00', ''),
	('00000000-0000-0000-0000-000000000000', 'b1b7c4cb-ac7b-45b7-858a-a86b6ddd47ba', '{"action":"token_revoked","actor_id":"39292e4e-83a9-4a1f-80a9-9b1d814a1fba","actor_username":"roger@gmail.com","actor_via_sso":false,"log_type":"token"}', '2024-12-09 17:54:04.055729+00', ''),
	('00000000-0000-0000-0000-000000000000', '0aae987a-6e77-47a1-9d81-8afd3a7b674f', '{"action":"token_refreshed","actor_id":"39292e4e-83a9-4a1f-80a9-9b1d814a1fba","actor_username":"roger@gmail.com","actor_via_sso":false,"log_type":"token"}', '2024-12-09 19:47:25.909825+00', ''),
	('00000000-0000-0000-0000-000000000000', 'bef29814-3ebe-46d4-9e1b-5d9dd321664d', '{"action":"token_revoked","actor_id":"39292e4e-83a9-4a1f-80a9-9b1d814a1fba","actor_username":"roger@gmail.com","actor_via_sso":false,"log_type":"token"}', '2024-12-09 19:47:25.913705+00', ''),
	('00000000-0000-0000-0000-000000000000', '0d86c7d2-a374-462c-8a87-e1ad17068602', '{"action":"login","actor_id":"39292e4e-83a9-4a1f-80a9-9b1d814a1fba","actor_username":"roger@gmail.com","actor_via_sso":false,"log_type":"account","traits":{"provider":"email"}}', '2024-12-09 21:33:14.856942+00', ''),
	('00000000-0000-0000-0000-000000000000', '127eecd6-f939-496c-b143-ed7e97b33092', '{"action":"token_refreshed","actor_id":"39292e4e-83a9-4a1f-80a9-9b1d814a1fba","actor_username":"roger@gmail.com","actor_via_sso":false,"log_type":"token"}', '2024-12-10 00:22:20.313803+00', ''),
	('00000000-0000-0000-0000-000000000000', '7ce6912b-33aa-4de4-93b0-1e431d201a49', '{"action":"token_revoked","actor_id":"39292e4e-83a9-4a1f-80a9-9b1d814a1fba","actor_username":"roger@gmail.com","actor_via_sso":false,"log_type":"token"}', '2024-12-10 00:22:20.314727+00', ''),
	('00000000-0000-0000-0000-000000000000', '106682cb-1542-4ae4-8f54-6a108d958f50', '{"action":"logout","actor_id":"39292e4e-83a9-4a1f-80a9-9b1d814a1fba","actor_username":"roger@gmail.com","actor_via_sso":false,"log_type":"account"}', '2024-12-10 00:45:46.563316+00', ''),
	('00000000-0000-0000-0000-000000000000', 'f0024684-e82b-4cc4-8779-d1c208026ab6', '{"action":"login","actor_id":"0703c12d-2d1c-4729-ad42-6d82d87779c5","actor_username":"beth@gmail.com","actor_via_sso":false,"log_type":"account","traits":{"provider":"email"}}', '2024-12-10 00:45:59.665151+00', ''),
	('00000000-0000-0000-0000-000000000000', '6bb882cc-8d32-4773-883f-2faa96487d9d', '{"action":"login","actor_id":"39292e4e-83a9-4a1f-80a9-9b1d814a1fba","actor_username":"roger@gmail.com","actor_via_sso":false,"log_type":"account","traits":{"provider":"email"}}', '2024-12-10 00:56:09.115448+00', ''),
	('00000000-0000-0000-0000-000000000000', '1bcbe5d6-5d15-4722-aba2-9a2a2e0f81f3', '{"action":"token_refreshed","actor_id":"0703c12d-2d1c-4729-ad42-6d82d87779c5","actor_username":"beth@gmail.com","actor_via_sso":false,"log_type":"token"}', '2024-12-10 01:45:22.969992+00', ''),
	('00000000-0000-0000-0000-000000000000', '3010945a-0cec-4e7f-9379-13dcc557e9ea', '{"action":"token_revoked","actor_id":"0703c12d-2d1c-4729-ad42-6d82d87779c5","actor_username":"beth@gmail.com","actor_via_sso":false,"log_type":"token"}', '2024-12-10 01:45:22.970828+00', ''),
	('00000000-0000-0000-0000-000000000000', 'a8af0845-7144-4ab0-ad65-93a5210f50da', '{"action":"token_refreshed","actor_id":"39292e4e-83a9-4a1f-80a9-9b1d814a1fba","actor_username":"roger@gmail.com","actor_via_sso":false,"log_type":"token"}', '2024-12-10 02:48:10.786773+00', ''),
	('00000000-0000-0000-0000-000000000000', 'acdfcc15-2c60-4882-aedb-62223592c998', '{"action":"token_revoked","actor_id":"39292e4e-83a9-4a1f-80a9-9b1d814a1fba","actor_username":"roger@gmail.com","actor_via_sso":false,"log_type":"token"}', '2024-12-10 02:48:10.803267+00', ''),
	('00000000-0000-0000-0000-000000000000', 'bdc6a56a-f4c4-46f5-a125-6b07e220a6ec', '{"action":"token_refreshed","actor_id":"0703c12d-2d1c-4729-ad42-6d82d87779c5","actor_username":"beth@gmail.com","actor_via_sso":false,"log_type":"token"}', '2024-12-10 03:35:33.280649+00', ''),
	('00000000-0000-0000-0000-000000000000', '1dd3ada8-b845-40ca-97f6-d93bac34028d', '{"action":"token_revoked","actor_id":"0703c12d-2d1c-4729-ad42-6d82d87779c5","actor_username":"beth@gmail.com","actor_via_sso":false,"log_type":"token"}', '2024-12-10 03:35:33.281505+00', ''),
	('00000000-0000-0000-0000-000000000000', '5b19074e-2879-4cd4-883b-55319c715fab', '{"action":"logout","actor_id":"0703c12d-2d1c-4729-ad42-6d82d87779c5","actor_username":"beth@gmail.com","actor_via_sso":false,"log_type":"account"}', '2024-12-10 03:54:05.545015+00', ''),
	('00000000-0000-0000-0000-000000000000', '9804f89d-d0bb-4f76-9eb2-76324429d9c8', '{"action":"login","actor_id":"39292e4e-83a9-4a1f-80a9-9b1d814a1fba","actor_username":"roger@gmail.com","actor_via_sso":false,"log_type":"account","traits":{"provider":"email"}}', '2024-12-10 03:54:17.815229+00', ''),
	('00000000-0000-0000-0000-000000000000', 'd6be18ac-5edc-49aa-bbdc-f19c9451c06d', '{"action":"login","actor_id":"39292e4e-83a9-4a1f-80a9-9b1d814a1fba","actor_username":"roger@gmail.com","actor_via_sso":false,"log_type":"account","traits":{"provider":"email"}}', '2024-12-10 04:41:17.899476+00', ''),
	('00000000-0000-0000-0000-000000000000', '5c33cd9e-b222-4b0b-a0fa-23c85adccb41', '{"action":"token_refreshed","actor_id":"39292e4e-83a9-4a1f-80a9-9b1d814a1fba","actor_username":"roger@gmail.com","actor_via_sso":false,"log_type":"token"}', '2024-12-10 04:47:33.608611+00', ''),
	('00000000-0000-0000-0000-000000000000', '1833d325-ebaa-42d4-86a7-7b0a2ee42627', '{"action":"token_revoked","actor_id":"39292e4e-83a9-4a1f-80a9-9b1d814a1fba","actor_username":"roger@gmail.com","actor_via_sso":false,"log_type":"token"}', '2024-12-10 04:47:33.610887+00', ''),
	('00000000-0000-0000-0000-000000000000', '03834090-4754-4026-baf5-4460f13930e6', '{"action":"login","actor_id":"39292e4e-83a9-4a1f-80a9-9b1d814a1fba","actor_username":"roger@gmail.com","actor_via_sso":false,"log_type":"account","traits":{"provider":"email"}}', '2024-12-10 05:07:02.061814+00', ''),
	('00000000-0000-0000-0000-000000000000', 'bfa73025-352c-4617-adfe-414f4bc88d52', '{"action":"login","actor_id":"39292e4e-83a9-4a1f-80a9-9b1d814a1fba","actor_username":"roger@gmail.com","actor_via_sso":false,"log_type":"account","traits":{"provider":"email"}}', '2024-12-10 05:22:49.250748+00', ''),
	('00000000-0000-0000-0000-000000000000', '1879d71c-ebf8-4816-a953-a4bfa06240a1', '{"action":"login","actor_id":"39292e4e-83a9-4a1f-80a9-9b1d814a1fba","actor_username":"roger@gmail.com","actor_via_sso":false,"log_type":"account","traits":{"provider":"email"}}', '2024-12-10 05:24:00.018587+00', ''),
	('00000000-0000-0000-0000-000000000000', '1bd04a10-a0d8-446f-a565-3d19e35ec4da', '{"action":"token_refreshed","actor_id":"39292e4e-83a9-4a1f-80a9-9b1d814a1fba","actor_username":"roger@gmail.com","actor_via_sso":false,"log_type":"token"}', '2024-12-10 06:26:05.848039+00', ''),
	('00000000-0000-0000-0000-000000000000', 'a8cf8478-92ed-49b2-ae2e-5432e367c68e', '{"action":"token_revoked","actor_id":"39292e4e-83a9-4a1f-80a9-9b1d814a1fba","actor_username":"roger@gmail.com","actor_via_sso":false,"log_type":"token"}', '2024-12-10 06:26:05.851873+00', ''),
	('00000000-0000-0000-0000-000000000000', '3819a56b-38ba-4f11-9e8b-66e25eab1962', '{"action":"token_refreshed","actor_id":"39292e4e-83a9-4a1f-80a9-9b1d814a1fba","actor_username":"roger@gmail.com","actor_via_sso":false,"log_type":"token"}', '2024-12-10 06:33:07.570869+00', ''),
	('00000000-0000-0000-0000-000000000000', '285aec95-5e73-467e-aad0-254ef85899b6', '{"action":"token_revoked","actor_id":"39292e4e-83a9-4a1f-80a9-9b1d814a1fba","actor_username":"roger@gmail.com","actor_via_sso":false,"log_type":"token"}', '2024-12-10 06:33:07.574176+00', ''),
	('00000000-0000-0000-0000-000000000000', 'f5f69971-dbcc-41e7-a303-af9f655ff4d1', '{"action":"logout","actor_id":"39292e4e-83a9-4a1f-80a9-9b1d814a1fba","actor_username":"roger@gmail.com","actor_via_sso":false,"log_type":"account"}', '2024-12-10 06:33:55.487666+00', ''),
	('00000000-0000-0000-0000-000000000000', 'a2e3aba8-1f51-42b7-91ff-a9d0e64b3b20', '{"action":"login","actor_id":"0703c12d-2d1c-4729-ad42-6d82d87779c5","actor_username":"beth@gmail.com","actor_via_sso":false,"log_type":"account","traits":{"provider":"email"}}', '2024-12-10 06:34:03.300934+00', ''),
	('00000000-0000-0000-0000-000000000000', '79dbeda0-2a9d-4f7c-bf15-b887d4aa5e9e', '{"action":"token_refreshed","actor_id":"0703c12d-2d1c-4729-ad42-6d82d87779c5","actor_username":"beth@gmail.com","actor_via_sso":false,"log_type":"token"}', '2024-12-10 07:32:07.203699+00', ''),
	('00000000-0000-0000-0000-000000000000', 'b554d40a-dddf-478a-b2bd-3d18b5cab1d1', '{"action":"token_revoked","actor_id":"0703c12d-2d1c-4729-ad42-6d82d87779c5","actor_username":"beth@gmail.com","actor_via_sso":false,"log_type":"token"}', '2024-12-10 07:32:07.2167+00', ''),
	('00000000-0000-0000-0000-000000000000', 'ccb03c8a-7740-471e-9733-71ed90cc3ce4', '{"action":"logout","actor_id":"0703c12d-2d1c-4729-ad42-6d82d87779c5","actor_username":"beth@gmail.com","actor_via_sso":false,"log_type":"account"}', '2024-12-10 07:34:36.773251+00', ''),
	('00000000-0000-0000-0000-000000000000', '6593a004-98a2-4ba5-ac71-eeddc559606b', '{"action":"login","actor_id":"39292e4e-83a9-4a1f-80a9-9b1d814a1fba","actor_username":"roger@gmail.com","actor_via_sso":false,"log_type":"account","traits":{"provider":"email"}}', '2024-12-10 07:34:48.829032+00', ''),
	('00000000-0000-0000-0000-000000000000', '50cd00c4-5f66-4ebe-931b-ed6a65662f5f', '{"action":"logout","actor_id":"39292e4e-83a9-4a1f-80a9-9b1d814a1fba","actor_username":"roger@gmail.com","actor_via_sso":false,"log_type":"account"}', '2024-12-10 07:45:06.606064+00', ''),
	('00000000-0000-0000-0000-000000000000', 'a672d995-a911-42e6-a4ec-fd05a26ecbbf', '{"action":"login","actor_id":"0703c12d-2d1c-4729-ad42-6d82d87779c5","actor_username":"beth@gmail.com","actor_via_sso":false,"log_type":"account","traits":{"provider":"email"}}', '2024-12-10 07:45:14.220343+00', ''),
	('00000000-0000-0000-0000-000000000000', 'cf8202d1-8a35-4c66-b863-16dce55d167a', '{"action":"logout","actor_id":"0703c12d-2d1c-4729-ad42-6d82d87779c5","actor_username":"beth@gmail.com","actor_via_sso":false,"log_type":"account"}', '2024-12-10 07:50:18.567851+00', ''),
	('00000000-0000-0000-0000-000000000000', '602a6f90-6804-4c2b-9008-b421f68a9108', '{"action":"login","actor_id":"39292e4e-83a9-4a1f-80a9-9b1d814a1fba","actor_username":"roger@gmail.com","actor_via_sso":false,"log_type":"account","traits":{"provider":"email"}}', '2024-12-10 07:50:28.036636+00', ''),
	('00000000-0000-0000-0000-000000000000', '29522478-09f2-487e-a19b-af548cdd5e3c', '{"action":"logout","actor_id":"39292e4e-83a9-4a1f-80a9-9b1d814a1fba","actor_username":"roger@gmail.com","actor_via_sso":false,"log_type":"account"}', '2024-12-10 07:51:23.973943+00', ''),
	('00000000-0000-0000-0000-000000000000', 'c5f246a6-4410-47bc-acb8-c5f3c627623c', '{"action":"login","actor_id":"0703c12d-2d1c-4729-ad42-6d82d87779c5","actor_username":"beth@gmail.com","actor_via_sso":false,"log_type":"account","traits":{"provider":"email"}}', '2024-12-10 07:51:34.422355+00', ''),
	('00000000-0000-0000-0000-000000000000', 'e3502c0b-a565-443e-b01b-d886c6eb48ee', '{"action":"login","actor_id":"39292e4e-83a9-4a1f-80a9-9b1d814a1fba","actor_username":"roger@gmail.com","actor_via_sso":false,"log_type":"account","traits":{"provider":"email"}}', '2024-12-10 09:23:45.784787+00', ''),
	('00000000-0000-0000-0000-000000000000', '5faf027d-43f3-4d72-83b6-31801733c9a8', '{"action":"token_refreshed","actor_id":"0703c12d-2d1c-4729-ad42-6d82d87779c5","actor_username":"beth@gmail.com","actor_via_sso":false,"log_type":"token"}', '2024-12-10 15:50:30.802612+00', ''),
	('00000000-0000-0000-0000-000000000000', 'a70dc1df-6556-4b7a-85e0-950194b05e37', '{"action":"token_revoked","actor_id":"0703c12d-2d1c-4729-ad42-6d82d87779c5","actor_username":"beth@gmail.com","actor_via_sso":false,"log_type":"token"}', '2024-12-10 15:50:30.806029+00', ''),
	('00000000-0000-0000-0000-000000000000', 'f70061d1-8e7c-4181-b6f6-a14c7b26a4c1', '{"action":"token_refreshed","actor_id":"39292e4e-83a9-4a1f-80a9-9b1d814a1fba","actor_username":"roger@gmail.com","actor_via_sso":false,"log_type":"token"}', '2024-12-10 15:58:24.098017+00', ''),
	('00000000-0000-0000-0000-000000000000', 'ac336994-3016-46ff-8475-a92b91d8afb2', '{"action":"token_revoked","actor_id":"39292e4e-83a9-4a1f-80a9-9b1d814a1fba","actor_username":"roger@gmail.com","actor_via_sso":false,"log_type":"token"}', '2024-12-10 15:58:24.101188+00', ''),
	('00000000-0000-0000-0000-000000000000', '8041f948-e70c-4b18-8cf5-56057b27a0ba', '{"action":"login","actor_id":"39292e4e-83a9-4a1f-80a9-9b1d814a1fba","actor_username":"roger@gmail.com","actor_via_sso":false,"log_type":"account","traits":{"provider":"email"}}', '2024-12-10 16:42:59.220009+00', ''),
	('00000000-0000-0000-0000-000000000000', '03fcb8ca-5f89-466d-ad72-10591d7559f1', '{"action":"token_refreshed","actor_id":"0703c12d-2d1c-4729-ad42-6d82d87779c5","actor_username":"beth@gmail.com","actor_via_sso":false,"log_type":"token"}', '2024-12-10 16:52:17.899988+00', ''),
	('00000000-0000-0000-0000-000000000000', 'c8793b7e-1199-477c-9962-0d48cbb9cc71', '{"action":"token_revoked","actor_id":"0703c12d-2d1c-4729-ad42-6d82d87779c5","actor_username":"beth@gmail.com","actor_via_sso":false,"log_type":"token"}', '2024-12-10 16:52:17.902889+00', ''),
	('00000000-0000-0000-0000-000000000000', '22c0c5d6-60b0-4e82-b802-6ce01375fd54', '{"action":"token_refreshed","actor_id":"39292e4e-83a9-4a1f-80a9-9b1d814a1fba","actor_username":"roger@gmail.com","actor_via_sso":false,"log_type":"token"}', '2024-12-10 16:58:30.362926+00', ''),
	('00000000-0000-0000-0000-000000000000', '120ecdc5-a683-4d23-9598-b53544664b7a', '{"action":"token_revoked","actor_id":"39292e4e-83a9-4a1f-80a9-9b1d814a1fba","actor_username":"roger@gmail.com","actor_via_sso":false,"log_type":"token"}', '2024-12-10 16:58:30.365992+00', ''),
	('00000000-0000-0000-0000-000000000000', 'e0431562-458e-4987-b682-b7792a833eab', '{"action":"token_refreshed","actor_id":"39292e4e-83a9-4a1f-80a9-9b1d814a1fba","actor_username":"roger@gmail.com","actor_via_sso":false,"log_type":"token"}', '2024-12-10 17:41:19.513524+00', ''),
	('00000000-0000-0000-0000-000000000000', '5e75d22f-7d10-4cf5-8cdc-5c1518cd69d1', '{"action":"token_revoked","actor_id":"39292e4e-83a9-4a1f-80a9-9b1d814a1fba","actor_username":"roger@gmail.com","actor_via_sso":false,"log_type":"token"}', '2024-12-10 17:41:19.516725+00', ''),
	('00000000-0000-0000-0000-000000000000', 'daed8d05-be07-49c9-9116-22712c9f3304', '{"action":"logout","actor_id":"39292e4e-83a9-4a1f-80a9-9b1d814a1fba","actor_username":"roger@gmail.com","actor_via_sso":false,"log_type":"account"}', '2024-12-10 17:41:45.91735+00', ''),
	('00000000-0000-0000-0000-000000000000', 'ea93494e-c58e-4b8b-920f-e6be27dbacb3', '{"action":"user_signedup","actor_id":"104dd065-416e-4ea5-ae0f-1221d5c35252","actor_username":"ginger@gmail.com","actor_via_sso":false,"log_type":"team","traits":{"provider":"email"}}', '2024-12-10 17:42:09.322893+00', ''),
	('00000000-0000-0000-0000-000000000000', 'dc015bdd-35b9-47e8-9f3b-dff6713afcdb', '{"action":"login","actor_id":"104dd065-416e-4ea5-ae0f-1221d5c35252","actor_username":"ginger@gmail.com","actor_via_sso":false,"log_type":"account","traits":{"provider":"email"}}', '2024-12-10 17:42:09.33059+00', ''),
	('00000000-0000-0000-0000-000000000000', '374a73e0-0b22-4059-90ee-b6a018b3ff31', '{"action":"user_repeated_signup","actor_id":"104dd065-416e-4ea5-ae0f-1221d5c35252","actor_username":"ginger@gmail.com","actor_via_sso":false,"log_type":"user","traits":{"provider":"email"}}', '2024-12-10 17:42:17.537505+00', ''),
	('00000000-0000-0000-0000-000000000000', '549593b9-7261-46ca-b055-d8068768dc94', '{"action":"token_refreshed","actor_id":"0703c12d-2d1c-4729-ad42-6d82d87779c5","actor_username":"beth@gmail.com","actor_via_sso":false,"log_type":"token"}', '2024-12-10 17:52:11.28564+00', ''),
	('00000000-0000-0000-0000-000000000000', '1e0646ef-2276-44b6-a21d-18515e2ea10c', '{"action":"token_revoked","actor_id":"0703c12d-2d1c-4729-ad42-6d82d87779c5","actor_username":"beth@gmail.com","actor_via_sso":false,"log_type":"token"}', '2024-12-10 17:52:11.287893+00', ''),
	('00000000-0000-0000-0000-000000000000', '79da54f6-0f02-4d45-bd69-8e1678c8f7fe', '{"action":"login","actor_id":"39292e4e-83a9-4a1f-80a9-9b1d814a1fba","actor_username":"roger@gmail.com","actor_via_sso":false,"log_type":"account","traits":{"provider":"email"}}', '2024-12-10 18:17:28.517319+00', ''),
	('00000000-0000-0000-0000-000000000000', '205507c2-a7f4-443a-9e25-65fc485236ba', '{"action":"token_refreshed","actor_id":"39292e4e-83a9-4a1f-80a9-9b1d814a1fba","actor_username":"roger@gmail.com","actor_via_sso":false,"log_type":"token"}', '2024-12-10 19:37:46.283452+00', ''),
	('00000000-0000-0000-0000-000000000000', '7d491e0a-0a6c-422b-a933-9018391716c7', '{"action":"token_revoked","actor_id":"39292e4e-83a9-4a1f-80a9-9b1d814a1fba","actor_username":"roger@gmail.com","actor_via_sso":false,"log_type":"token"}', '2024-12-10 19:37:46.287128+00', ''),
	('00000000-0000-0000-0000-000000000000', '48f1af84-eeb6-4412-b298-013bb17bf569', '{"action":"token_refreshed","actor_id":"104dd065-416e-4ea5-ae0f-1221d5c35252","actor_username":"ginger@gmail.com","actor_via_sso":false,"log_type":"token"}', '2024-12-10 19:50:24.340795+00', ''),
	('00000000-0000-0000-0000-000000000000', '35ebf912-c12f-4c32-8e7a-f519352f1124', '{"action":"token_revoked","actor_id":"104dd065-416e-4ea5-ae0f-1221d5c35252","actor_username":"ginger@gmail.com","actor_via_sso":false,"log_type":"token"}', '2024-12-10 19:50:24.342934+00', ''),
	('00000000-0000-0000-0000-000000000000', '4ff3cbc2-6063-4a4a-98af-fba784789f3e', '{"action":"login","actor_id":"39292e4e-83a9-4a1f-80a9-9b1d814a1fba","actor_username":"roger@gmail.com","actor_via_sso":false,"log_type":"account","traits":{"provider":"email"}}', '2024-12-10 20:51:43.698851+00', ''),
	('00000000-0000-0000-0000-000000000000', '8d71c053-2aee-4e24-99bf-b2e4311cc47d', '{"action":"token_refreshed","actor_id":"104dd065-416e-4ea5-ae0f-1221d5c35252","actor_username":"ginger@gmail.com","actor_via_sso":false,"log_type":"token"}', '2024-12-10 20:55:51.280249+00', ''),
	('00000000-0000-0000-0000-000000000000', '11389d4f-0cf9-41f4-b164-ce37982a6900', '{"action":"token_revoked","actor_id":"104dd065-416e-4ea5-ae0f-1221d5c35252","actor_username":"ginger@gmail.com","actor_via_sso":false,"log_type":"token"}', '2024-12-10 20:55:51.28266+00', ''),
	('00000000-0000-0000-0000-000000000000', 'e8442f39-1b38-4188-bc46-f096893d3aff', '{"action":"token_refreshed","actor_id":"0703c12d-2d1c-4729-ad42-6d82d87779c5","actor_username":"beth@gmail.com","actor_via_sso":false,"log_type":"token"}', '2024-12-10 21:37:46.882605+00', ''),
	('00000000-0000-0000-0000-000000000000', '91b1fe22-644c-44de-bf8b-4b54ba701b92', '{"action":"token_revoked","actor_id":"0703c12d-2d1c-4729-ad42-6d82d87779c5","actor_username":"beth@gmail.com","actor_via_sso":false,"log_type":"token"}', '2024-12-10 21:37:46.886032+00', ''),
	('00000000-0000-0000-0000-000000000000', 'c97ac1fa-6b75-4d95-8bd7-2325a1a7b98b', '{"action":"token_refreshed","actor_id":"39292e4e-83a9-4a1f-80a9-9b1d814a1fba","actor_username":"roger@gmail.com","actor_via_sso":false,"log_type":"token"}', '2024-12-10 21:51:12.651089+00', ''),
	('00000000-0000-0000-0000-000000000000', 'f275c442-bd51-42f3-9aa8-808ea0549037', '{"action":"token_revoked","actor_id":"39292e4e-83a9-4a1f-80a9-9b1d814a1fba","actor_username":"roger@gmail.com","actor_via_sso":false,"log_type":"token"}', '2024-12-10 21:51:12.653889+00', ''),
	('00000000-0000-0000-0000-000000000000', 'c3e4b859-bee8-4801-bb36-0e96d05253af', '{"action":"token_refreshed","actor_id":"104dd065-416e-4ea5-ae0f-1221d5c35252","actor_username":"ginger@gmail.com","actor_via_sso":false,"log_type":"token"}', '2024-12-10 22:01:18.715299+00', ''),
	('00000000-0000-0000-0000-000000000000', 'f733db90-0105-4889-9dac-700264083b3f', '{"action":"token_revoked","actor_id":"104dd065-416e-4ea5-ae0f-1221d5c35252","actor_username":"ginger@gmail.com","actor_via_sso":false,"log_type":"token"}', '2024-12-10 22:01:18.716976+00', ''),
	('00000000-0000-0000-0000-000000000000', '6f131a18-a8a2-4b4c-81fd-b2822c68523c', '{"action":"token_refreshed","actor_id":"104dd065-416e-4ea5-ae0f-1221d5c35252","actor_username":"ginger@gmail.com","actor_via_sso":false,"log_type":"token"}', '2024-12-10 23:42:30.267046+00', ''),
	('00000000-0000-0000-0000-000000000000', 'ce534d26-b984-4871-ba67-101fbe7c6eeb', '{"action":"token_revoked","actor_id":"104dd065-416e-4ea5-ae0f-1221d5c35252","actor_username":"ginger@gmail.com","actor_via_sso":false,"log_type":"token"}', '2024-12-10 23:42:30.267932+00', ''),
	('00000000-0000-0000-0000-000000000000', '547378f6-2600-4feb-8d38-31c732069f5b', '{"action":"token_refreshed","actor_id":"39292e4e-83a9-4a1f-80a9-9b1d814a1fba","actor_username":"roger@gmail.com","actor_via_sso":false,"log_type":"token"}', '2024-12-11 00:01:23.916523+00', ''),
	('00000000-0000-0000-0000-000000000000', 'e6c5f31a-7d95-445e-a6c3-9d81485a1472', '{"action":"token_revoked","actor_id":"39292e4e-83a9-4a1f-80a9-9b1d814a1fba","actor_username":"roger@gmail.com","actor_via_sso":false,"log_type":"token"}', '2024-12-11 00:01:23.919087+00', ''),
	('00000000-0000-0000-0000-000000000000', '04c77098-e7ea-470e-8c4f-eacf3bdf7341', '{"action":"token_refreshed","actor_id":"39292e4e-83a9-4a1f-80a9-9b1d814a1fba","actor_username":"roger@gmail.com","actor_via_sso":false,"log_type":"token"}', '2024-12-11 02:43:37.556938+00', ''),
	('00000000-0000-0000-0000-000000000000', '3f447161-f2c8-439e-89ab-97c6b0066f74', '{"action":"token_revoked","actor_id":"39292e4e-83a9-4a1f-80a9-9b1d814a1fba","actor_username":"roger@gmail.com","actor_via_sso":false,"log_type":"token"}', '2024-12-11 02:43:37.5601+00', ''),
	('00000000-0000-0000-0000-000000000000', '27d2b362-3731-4d9f-a1ea-04863e1981f4', '{"action":"token_refreshed","actor_id":"0703c12d-2d1c-4729-ad42-6d82d87779c5","actor_username":"beth@gmail.com","actor_via_sso":false,"log_type":"token"}', '2024-12-11 03:00:10.872573+00', ''),
	('00000000-0000-0000-0000-000000000000', 'e0ed6064-cfe1-4ab3-b38e-c8811fe976b9', '{"action":"token_revoked","actor_id":"0703c12d-2d1c-4729-ad42-6d82d87779c5","actor_username":"beth@gmail.com","actor_via_sso":false,"log_type":"token"}', '2024-12-11 03:00:10.874631+00', ''),
	('00000000-0000-0000-0000-000000000000', '6b27cd97-e806-40da-a88d-5bc00baa7f53', '{"action":"token_refreshed","actor_id":"104dd065-416e-4ea5-ae0f-1221d5c35252","actor_username":"ginger@gmail.com","actor_via_sso":false,"log_type":"token"}', '2024-12-11 03:00:50.318764+00', ''),
	('00000000-0000-0000-0000-000000000000', '48239c0f-5609-4929-88c8-412285fcf5a0', '{"action":"token_revoked","actor_id":"104dd065-416e-4ea5-ae0f-1221d5c35252","actor_username":"ginger@gmail.com","actor_via_sso":false,"log_type":"token"}', '2024-12-11 03:00:50.31939+00', ''),
	('00000000-0000-0000-0000-000000000000', 'c4787a78-7c59-4042-8fec-d7da70e8851b', '{"action":"logout","actor_id":"104dd065-416e-4ea5-ae0f-1221d5c35252","actor_username":"ginger@gmail.com","actor_via_sso":false,"log_type":"account"}', '2024-12-11 03:02:08.864867+00', ''),
	('00000000-0000-0000-0000-000000000000', '47cf753b-21f7-4e03-bbe6-f94d9309e0e7', '{"action":"login","actor_id":"39292e4e-83a9-4a1f-80a9-9b1d814a1fba","actor_username":"roger@gmail.com","actor_via_sso":false,"log_type":"account","traits":{"provider":"email"}}', '2024-12-11 03:02:31.188682+00', ''),
	('00000000-0000-0000-0000-000000000000', '9844c998-2df7-446a-8f53-a809c016ac1d', '{"action":"token_refreshed","actor_id":"39292e4e-83a9-4a1f-80a9-9b1d814a1fba","actor_username":"roger@gmail.com","actor_via_sso":false,"log_type":"token"}', '2024-12-11 07:04:21.809291+00', ''),
	('00000000-0000-0000-0000-000000000000', '142366f7-cb27-45f2-8631-8b87bfc0f19e', '{"action":"token_revoked","actor_id":"39292e4e-83a9-4a1f-80a9-9b1d814a1fba","actor_username":"roger@gmail.com","actor_via_sso":false,"log_type":"token"}', '2024-12-11 07:04:21.823172+00', ''),
	('00000000-0000-0000-0000-000000000000', '3584aee5-d6a7-45ee-b66b-fb824da50791', '{"action":"token_refreshed","actor_id":"39292e4e-83a9-4a1f-80a9-9b1d814a1fba","actor_username":"roger@gmail.com","actor_via_sso":false,"log_type":"token"}', '2024-12-11 07:28:39.229156+00', ''),
	('00000000-0000-0000-0000-000000000000', 'ad76885d-3d7e-4032-a2c0-7e835ffeb94b', '{"action":"token_revoked","actor_id":"39292e4e-83a9-4a1f-80a9-9b1d814a1fba","actor_username":"roger@gmail.com","actor_via_sso":false,"log_type":"token"}', '2024-12-11 07:28:39.231164+00', ''),
	('00000000-0000-0000-0000-000000000000', 'f7a0a3b0-41fc-4fe9-820a-9d32e93ea60a', '{"action":"token_refreshed","actor_id":"0703c12d-2d1c-4729-ad42-6d82d87779c5","actor_username":"beth@gmail.com","actor_via_sso":false,"log_type":"token"}', '2024-12-11 07:30:58.386778+00', ''),
	('00000000-0000-0000-0000-000000000000', '978b5d20-d94e-4522-a2ba-385adfda261e', '{"action":"token_revoked","actor_id":"0703c12d-2d1c-4729-ad42-6d82d87779c5","actor_username":"beth@gmail.com","actor_via_sso":false,"log_type":"token"}', '2024-12-11 07:30:58.388592+00', ''),
	('00000000-0000-0000-0000-000000000000', 'eb01faa2-2a8d-4cf1-834f-fefbc5ee4fcb', '{"action":"token_refreshed","actor_id":"39292e4e-83a9-4a1f-80a9-9b1d814a1fba","actor_username":"roger@gmail.com","actor_via_sso":false,"log_type":"token"}', '2024-12-11 08:05:03.235604+00', ''),
	('00000000-0000-0000-0000-000000000000', 'ed00b072-1136-4237-9eac-faab09850032', '{"action":"token_revoked","actor_id":"39292e4e-83a9-4a1f-80a9-9b1d814a1fba","actor_username":"roger@gmail.com","actor_via_sso":false,"log_type":"token"}', '2024-12-11 08:05:03.246368+00', ''),
	('00000000-0000-0000-0000-000000000000', '1a8a85d8-ef16-4cb1-a1ee-048ad77cf1c7', '{"action":"logout","actor_id":"39292e4e-83a9-4a1f-80a9-9b1d814a1fba","actor_username":"roger@gmail.com","actor_via_sso":false,"log_type":"account"}', '2024-12-11 08:17:40.36093+00', ''),
	('00000000-0000-0000-0000-000000000000', 'cb72ef19-8f3a-4f22-9f6a-1c32e1b99856', '{"action":"token_refreshed","actor_id":"0703c12d-2d1c-4729-ad42-6d82d87779c5","actor_username":"beth@gmail.com","actor_via_sso":false,"log_type":"token"}', '2024-12-11 20:56:49.857254+00', ''),
	('00000000-0000-0000-0000-000000000000', 'b4b09bbc-4e10-487b-8232-c8229c4f8457', '{"action":"token_revoked","actor_id":"0703c12d-2d1c-4729-ad42-6d82d87779c5","actor_username":"beth@gmail.com","actor_via_sso":false,"log_type":"token"}', '2024-12-11 20:56:49.865677+00', ''),
	('00000000-0000-0000-0000-000000000000', '464f01c2-f448-4799-b41c-e638a2d006d8', '{"action":"login","actor_id":"0703c12d-2d1c-4729-ad42-6d82d87779c5","actor_username":"beth@gmail.com","actor_via_sso":false,"log_type":"account","traits":{"provider":"email"}}', '2024-12-11 20:57:55.184808+00', ''),
	('00000000-0000-0000-0000-000000000000', '1ff79d6a-0419-452b-91b0-e66fba0f3cc5', '{"action":"token_refreshed","actor_id":"0703c12d-2d1c-4729-ad42-6d82d87779c5","actor_username":"beth@gmail.com","actor_via_sso":false,"log_type":"token"}', '2024-12-11 22:14:43.909885+00', ''),
	('00000000-0000-0000-0000-000000000000', '894a2b3c-6fba-4523-ad14-38c68e54d588', '{"action":"token_revoked","actor_id":"0703c12d-2d1c-4729-ad42-6d82d87779c5","actor_username":"beth@gmail.com","actor_via_sso":false,"log_type":"token"}', '2024-12-11 22:14:43.916344+00', ''),
	('00000000-0000-0000-0000-000000000000', '1e553152-f10e-4a44-ab40-a53f5307b555', '{"action":"token_refreshed","actor_id":"0703c12d-2d1c-4729-ad42-6d82d87779c5","actor_username":"beth@gmail.com","actor_via_sso":false,"log_type":"token"}', '2024-12-11 22:56:12.373907+00', ''),
	('00000000-0000-0000-0000-000000000000', 'af39625e-7de3-4968-a1e2-418c92889685', '{"action":"token_revoked","actor_id":"0703c12d-2d1c-4729-ad42-6d82d87779c5","actor_username":"beth@gmail.com","actor_via_sso":false,"log_type":"token"}', '2024-12-11 22:56:12.378285+00', ''),
	('00000000-0000-0000-0000-000000000000', '54e7369e-671b-4962-a9a1-89ac521dba13', '{"action":"login","actor_id":"0703c12d-2d1c-4729-ad42-6d82d87779c5","actor_username":"beth@gmail.com","actor_via_sso":false,"log_type":"account","traits":{"provider":"email"}}', '2024-12-11 23:24:07.487331+00', ''),
	('00000000-0000-0000-0000-000000000000', '66bc5a91-2183-41cc-bb1d-25af5104d496', '{"action":"token_refreshed","actor_id":"0703c12d-2d1c-4729-ad42-6d82d87779c5","actor_username":"beth@gmail.com","actor_via_sso":false,"log_type":"token"}', '2024-12-12 00:57:49.985809+00', ''),
	('00000000-0000-0000-0000-000000000000', 'f93ccca5-8245-4e3f-810b-1c4ff95f465a', '{"action":"token_revoked","actor_id":"0703c12d-2d1c-4729-ad42-6d82d87779c5","actor_username":"beth@gmail.com","actor_via_sso":false,"log_type":"token"}', '2024-12-12 00:57:49.988069+00', ''),
	('00000000-0000-0000-0000-000000000000', 'bebf459d-1315-4d6f-b170-cfa32281a7f7', '{"action":"logout","actor_id":"0703c12d-2d1c-4729-ad42-6d82d87779c5","actor_username":"beth@gmail.com","actor_via_sso":false,"log_type":"account"}', '2024-12-12 01:16:58.818874+00', ''),
	('00000000-0000-0000-0000-000000000000', '2a0cced3-291b-41f9-b457-4437fc3fd53d', '{"action":"login","actor_id":"39292e4e-83a9-4a1f-80a9-9b1d814a1fba","actor_username":"roger@gmail.com","actor_via_sso":false,"log_type":"account","traits":{"provider":"email"}}', '2024-12-12 01:17:08.98215+00', ''),
	('00000000-0000-0000-0000-000000000000', '23185d2a-b92c-4644-965c-237003c221ef', '{"action":"logout","actor_id":"39292e4e-83a9-4a1f-80a9-9b1d814a1fba","actor_username":"roger@gmail.com","actor_via_sso":false,"log_type":"account"}', '2024-12-12 01:17:27.354867+00', ''),
	('00000000-0000-0000-0000-000000000000', 'a1e93d2b-6d1c-4d80-a782-58c64ee36e69', '{"action":"login","actor_id":"0703c12d-2d1c-4729-ad42-6d82d87779c5","actor_username":"beth@gmail.com","actor_via_sso":false,"log_type":"account","traits":{"provider":"email"}}', '2024-12-12 01:17:39.883605+00', ''),
	('00000000-0000-0000-0000-000000000000', '3b2628dc-48da-49cb-bcff-c8fefdd6dda7', '{"action":"logout","actor_id":"0703c12d-2d1c-4729-ad42-6d82d87779c5","actor_username":"beth@gmail.com","actor_via_sso":false,"log_type":"account"}', '2024-12-12 01:18:26.462668+00', ''),
	('00000000-0000-0000-0000-000000000000', '88b69792-67ac-4a98-b652-9609f64ef962', '{"action":"login","actor_id":"39292e4e-83a9-4a1f-80a9-9b1d814a1fba","actor_username":"roger@gmail.com","actor_via_sso":false,"log_type":"account","traits":{"provider":"email"}}', '2024-12-12 01:18:35.97035+00', ''),
	('00000000-0000-0000-0000-000000000000', 'd2cdcd93-4e11-429a-a9a1-5f8aebe96a2b', '{"action":"token_refreshed","actor_id":"39292e4e-83a9-4a1f-80a9-9b1d814a1fba","actor_username":"roger@gmail.com","actor_via_sso":false,"log_type":"token"}', '2024-12-12 17:45:30.45101+00', ''),
	('00000000-0000-0000-0000-000000000000', 'd5154404-5c96-4612-9366-7cb3484ff8cb', '{"action":"token_revoked","actor_id":"39292e4e-83a9-4a1f-80a9-9b1d814a1fba","actor_username":"roger@gmail.com","actor_via_sso":false,"log_type":"token"}', '2024-12-12 17:45:30.470895+00', ''),
	('00000000-0000-0000-0000-000000000000', '803105fe-9bc3-4e8c-91ea-4e60198e077b', '{"action":"login","actor_id":"39292e4e-83a9-4a1f-80a9-9b1d814a1fba","actor_username":"roger@gmail.com","actor_via_sso":false,"log_type":"account","traits":{"provider":"email"}}', '2024-12-12 18:06:31.948837+00', ''),
	('00000000-0000-0000-0000-000000000000', '67788e9f-13eb-46f6-912e-b650470d75fd', '{"action":"token_refreshed","actor_id":"39292e4e-83a9-4a1f-80a9-9b1d814a1fba","actor_username":"roger@gmail.com","actor_via_sso":false,"log_type":"token"}', '2024-12-12 19:16:33.624007+00', ''),
	('00000000-0000-0000-0000-000000000000', 'e228e2de-4a11-4da6-ab87-9f9d86e78c26', '{"action":"token_revoked","actor_id":"39292e4e-83a9-4a1f-80a9-9b1d814a1fba","actor_username":"roger@gmail.com","actor_via_sso":false,"log_type":"token"}', '2024-12-12 19:16:33.627618+00', ''),
	('00000000-0000-0000-0000-000000000000', '4e918e3b-1ea3-49bb-a397-127d902acc62', '{"action":"token_refreshed","actor_id":"39292e4e-83a9-4a1f-80a9-9b1d814a1fba","actor_username":"roger@gmail.com","actor_via_sso":false,"log_type":"token"}', '2024-12-12 22:21:05.597909+00', ''),
	('00000000-0000-0000-0000-000000000000', 'f356a628-6c3b-4036-90c3-e5311efcfd60', '{"action":"token_revoked","actor_id":"39292e4e-83a9-4a1f-80a9-9b1d814a1fba","actor_username":"roger@gmail.com","actor_via_sso":false,"log_type":"token"}', '2024-12-12 22:21:05.605424+00', ''),
	('00000000-0000-0000-0000-000000000000', '45ad688a-f93b-4cb4-9bba-ae0bb8fd6867', '{"action":"token_refreshed","actor_id":"39292e4e-83a9-4a1f-80a9-9b1d814a1fba","actor_username":"roger@gmail.com","actor_via_sso":false,"log_type":"token"}', '2024-12-12 22:45:51.01799+00', ''),
	('00000000-0000-0000-0000-000000000000', '2972f66d-a6aa-4106-bc95-4f06470fa897', '{"action":"token_revoked","actor_id":"39292e4e-83a9-4a1f-80a9-9b1d814a1fba","actor_username":"roger@gmail.com","actor_via_sso":false,"log_type":"token"}', '2024-12-12 22:45:51.020652+00', ''),
	('00000000-0000-0000-0000-000000000000', 'f594632e-350d-47fd-bf28-7c8c711500a7', '{"action":"login","actor_id":"39292e4e-83a9-4a1f-80a9-9b1d814a1fba","actor_username":"roger@gmail.com","actor_via_sso":false,"log_type":"account","traits":{"provider":"email"}}', '2024-12-12 22:47:41.483091+00', '');


--
-- Data for Name: flow_state; Type: TABLE DATA; Schema: auth; Owner: supabase_auth_admin
--



--
-- Data for Name: users; Type: TABLE DATA; Schema: auth; Owner: supabase_auth_admin
--

INSERT INTO "auth"."users" ("instance_id", "id", "aud", "role", "email", "encrypted_password", "email_confirmed_at", "invited_at", "confirmation_token", "confirmation_sent_at", "recovery_token", "recovery_sent_at", "email_change_token_new", "email_change", "email_change_sent_at", "last_sign_in_at", "raw_app_meta_data", "raw_user_meta_data", "is_super_admin", "created_at", "updated_at", "phone", "phone_confirmed_at", "phone_change", "phone_change_token", "phone_change_sent_at", "email_change_token_current", "email_change_confirm_status", "banned_until", "reauthentication_token", "reauthentication_sent_at", "is_sso_user", "deleted_at", "is_anonymous") VALUES
	('00000000-0000-0000-0000-000000000000', '8574d351-88bf-4b65-9e82-20029e8cb725', 'authenticated', 'authenticated', 'jonathantbenn@gmail.com', '$2a$10$8LPiQdyxQy28Ce1zQMECgOLIFbqDJ.rA55Giv4EEbER0Dva0nRgsu', NULL, NULL, '438326caa759dc1d1886c317a397d37ce61bd1622bf0517fd1264146', '2024-12-03 23:29:58.235999+00', '', NULL, '', '', NULL, NULL, '{"provider": "email", "providers": ["email"]}', '{"sub": "8574d351-88bf-4b65-9e82-20029e8cb725", "name": "Jonathan", "email": "jonathantbenn@gmail.com", "email_verified": false, "phone_verified": false}', NULL, '2024-12-03 23:10:56.295296+00', '2024-12-03 23:30:02.594965+00', NULL, NULL, '', '', NULL, '', 0, NULL, '', NULL, false, NULL, false),
	('00000000-0000-0000-0000-000000000000', '6709311b-4c63-4961-bf00-4b3be7dc3fb1', 'authenticated', 'authenticated', 'car@gmail.com', '$2a$10$Enwc.L2aFuMXrMb5RRyxBeDcqgbzjc6Ym2MjE1qB7H49GimyiIcWS', NULL, NULL, '4024c1e43e26f2487c7f9fde0ea35eeede1c27ffb7b61cf50a2812d3', '2024-12-03 23:45:23.64482+00', '', NULL, '', '', NULL, NULL, '{"provider": "email", "providers": ["email"]}', '{"sub": "6709311b-4c63-4961-bf00-4b3be7dc3fb1", "name": "car", "email": "car@gmail.com", "email_verified": false, "phone_verified": false}', NULL, '2024-12-03 23:45:23.632109+00', '2024-12-03 23:45:24.772969+00', NULL, NULL, '', '', NULL, '', 0, NULL, '', NULL, false, NULL, false),
	('00000000-0000-0000-0000-000000000000', 'a4f3d1e7-9648-459b-8ac9-a957560a9f65', 'authenticated', 'authenticated', 'adobehousevideos@gmail.com', '$2a$10$8b/zAdPLYDeGIRGF2BqH5.ibJ54W3777guiGzQ0gAAMMOpTZa.C3u', NULL, NULL, 'bf77a902a09c2d599fde5ad394c09a857ebfa7ba5a669bc9953f0468', '2024-12-03 23:38:55.352968+00', '', NULL, '', '', NULL, NULL, '{"provider": "email", "providers": ["email"]}', '{"sub": "a4f3d1e7-9648-459b-8ac9-a957560a9f65", "name": "Andy", "email": "adobehousevideos@gmail.com", "email_verified": false, "phone_verified": false}', NULL, '2024-12-03 23:38:55.344503+00', '2024-12-03 23:38:56.352519+00', NULL, NULL, '', '', NULL, '', 0, NULL, '', NULL, false, NULL, false),
	('00000000-0000-0000-0000-000000000000', '49510c1a-6ea7-428f-9743-eeddacf528dd', 'authenticated', 'authenticated', 'bonjennprojects@gmail.com', '$2a$10$UPZq5/0r17zoX8Aqo.wMpORSMFedb8yvO9vIKqw9onA02jMxZIVSq', NULL, NULL, '894e2d1cd6ef9b9285fd22050d4aa51d964b6c59b28dd55ee04a87da', '2024-12-03 23:33:01.22373+00', '', NULL, '', '', NULL, NULL, '{"provider": "email", "providers": ["email"]}', '{"sub": "49510c1a-6ea7-428f-9743-eeddacf528dd", "email": "bonjennprojects@gmail.com", "email_verified": false, "phone_verified": false}', NULL, '2024-12-03 23:33:01.215883+00', '2024-12-03 23:33:02.205978+00', NULL, NULL, '', '', NULL, '', 0, NULL, '', NULL, false, NULL, false),
	('00000000-0000-0000-0000-000000000000', 'a53da0a9-3fff-4e59-83b1-4466c348a752', 'authenticated', 'authenticated', 'josh@gmail.com', '$2a$10$sMEiU5lFaswIZtD0epd.LOjaOvqZepyOglmiZksYgtzIkcTuPvSfy', '2024-12-04 01:20:15.186554+00', NULL, '', NULL, '', NULL, '', '', NULL, '2024-12-04 01:20:23.625001+00', '{"provider": "email", "providers": ["email"]}', '{"sub": "a53da0a9-3fff-4e59-83b1-4466c348a752", "name": "Josh", "email": "josh@gmail.com", "email_verified": false, "phone_verified": false}', NULL, '2024-12-04 01:20:15.172517+00', '2024-12-04 01:20:23.626631+00', NULL, NULL, '', '', NULL, '', 0, NULL, '', NULL, false, NULL, false),
	('00000000-0000-0000-0000-000000000000', '9a581da5-bfea-47bc-87ef-3873a112a250', 'authenticated', 'authenticated', 'fckformfitness@gmail.com', '$2a$10$hXYfFowYBwJJ9hwGoNyPO.JFIu77TiPMr/opF53BKxN0MuAS.O9l6', NULL, NULL, 'd010db07c830268d61692ab96d85268b6ee24becd77e935b9241c03b', '2024-12-03 23:36:11.507444+00', '', NULL, '', '', NULL, NULL, '{"provider": "email", "providers": ["email"]}', '{"sub": "9a581da5-bfea-47bc-87ef-3873a112a250", "name": "Dave", "email": "fckformfitness@gmail.com", "email_verified": false, "phone_verified": false}', NULL, '2024-12-03 23:36:11.498017+00', '2024-12-03 23:36:12.484589+00', NULL, NULL, '', '', NULL, '', 0, NULL, '', NULL, false, NULL, false),
	('00000000-0000-0000-0000-000000000000', '809663d2-bedf-40b4-af5e-2beb5a93adf8', 'authenticated', 'authenticated', 'kanyewest@gmail.com', '$2a$10$Cz8fPLZS5JhepLwQoJ1wJe7rW9lTPQof0E72OOYiDL2PtQYfxqRXm', NULL, NULL, 'fe8680450d0f3fcddc0817bbc2641cd3d098cc9e9c571ebac7b97ba8', '2024-12-03 23:40:51.379363+00', '', NULL, '', '', NULL, NULL, '{"provider": "email", "providers": ["email"]}', '{"sub": "809663d2-bedf-40b4-af5e-2beb5a93adf8", "name": "Kanye", "email": "kanyewest@gmail.com", "email_verified": false, "phone_verified": false}', NULL, '2024-12-03 23:40:51.371612+00', '2024-12-03 23:40:52.352352+00', NULL, NULL, '', '', NULL, '', 0, NULL, '', NULL, false, NULL, false),
	('00000000-0000-0000-0000-000000000000', '32237bd3-7c5c-49b6-a8e9-ed009b530387', 'authenticated', 'authenticated', 'chris@gmail.com', '$2a$10$8uz0SqI6/QVMBbryZHHUje30jgtUn7SKMqXR72J5WTYyCp9rhya5m', '2024-12-04 01:27:25.971118+00', NULL, '', NULL, '', NULL, '', '', NULL, '2024-12-04 01:27:25.974549+00', '{"provider": "email", "providers": ["email"]}', '{"sub": "32237bd3-7c5c-49b6-a8e9-ed009b530387", "name": "Chris", "email": "chris@gmail.com", "email_verified": false, "phone_verified": false}', NULL, '2024-12-04 01:27:25.963835+00', '2024-12-04 01:27:25.976159+00', NULL, NULL, '', '', NULL, '', 0, NULL, '', NULL, false, NULL, false),
	('00000000-0000-0000-0000-000000000000', '6f66fc06-42c5-42af-a60b-d01b40bba13c', 'authenticated', 'authenticated', 'larry@gmail.com', '$2a$10$kc0rDwzfBN8SmT33LPYgYeHKSVCGfbKztJhIj29OfgeOtZCuS.z.2', '2024-12-04 01:17:09.814169+00', NULL, '', NULL, '', NULL, '', '', NULL, '2024-12-04 01:17:09.817487+00', '{"provider": "email", "providers": ["email"]}', '{"sub": "6f66fc06-42c5-42af-a60b-d01b40bba13c", "name": "Larry", "email": "larry@gmail.com", "email_verified": false, "phone_verified": false}', NULL, '2024-12-04 01:17:09.805257+00', '2024-12-04 01:17:09.820326+00', NULL, NULL, '', '', NULL, '', 0, NULL, '', NULL, false, NULL, false),
	('00000000-0000-0000-0000-000000000000', '4f93d31d-f4c0-4362-a3a9-93347c14c2fd', 'authenticated', 'authenticated', 'mary@gmail.com', '$2a$10$gZaRvrHQ4EsXaRGBoHj8xOk9Ushwtx8Ib8640UUq2/zDTrDoLMs7u', '2024-12-04 01:24:55.487777+00', NULL, '', NULL, '', NULL, '', '', NULL, '2024-12-04 01:24:55.49132+00', '{"provider": "email", "providers": ["email"]}', '{"sub": "4f93d31d-f4c0-4362-a3a9-93347c14c2fd", "name": "Mary", "email": "mary@gmail.com", "email_verified": false, "phone_verified": false}', NULL, '2024-12-04 01:24:55.48106+00', '2024-12-04 01:24:55.493333+00', NULL, NULL, '', '', NULL, '', 0, NULL, '', NULL, false, NULL, false),
	('00000000-0000-0000-0000-000000000000', 'fec6c6d9-09f0-42be-8688-6a48f9eb7509', 'authenticated', 'authenticated', 'mac@gmail.com', '$2a$10$d6nopZUEPqjhRYwG/39gxOGRbyaHYVi1muzURXLww/TtToKvejjQm', '2024-12-04 01:15:01.820511+00', NULL, '', NULL, '', NULL, '', '', NULL, '2024-12-04 01:15:01.824441+00', '{"provider": "email", "providers": ["email"]}', '{"sub": "fec6c6d9-09f0-42be-8688-6a48f9eb7509", "name": "Mac", "email": "mac@gmail.com", "email_verified": false, "phone_verified": false}', NULL, '2024-12-04 01:15:01.807757+00', '2024-12-04 01:15:01.837531+00', NULL, NULL, '', '', NULL, '', 0, NULL, '', NULL, false, NULL, false),
	('00000000-0000-0000-0000-000000000000', 'b80117b6-4a0f-4eee-b636-b4c68f57d695', 'authenticated', 'authenticated', 'seth@gmail.com', '$2a$10$.FHulvdvLALGvZFOnbpJyutZBEa52zwjX1diJmdhOKkZy.zKzMdAa', '2024-12-04 01:28:36.720232+00', NULL, '', NULL, '', NULL, '', '', NULL, '2024-12-04 01:28:36.724709+00', '{"provider": "email", "providers": ["email"]}', '{"sub": "b80117b6-4a0f-4eee-b636-b4c68f57d695", "name": "Seth", "email": "seth@gmail.com", "email_verified": false, "phone_verified": false}', NULL, '2024-12-04 01:28:36.712754+00', '2024-12-04 01:28:36.726981+00', NULL, NULL, '', '', NULL, '', 0, NULL, '', NULL, false, NULL, false),
	('00000000-0000-0000-0000-000000000000', '0703c12d-2d1c-4729-ad42-6d82d87779c5', 'authenticated', 'authenticated', 'beth@gmail.com', '$2a$10$tnUeF5UyC0/uaGsumGKh8eczesWnJKs9VaFL1J3q5gRtivPsYMk7u', '2024-12-04 01:26:00.287702+00', NULL, '', NULL, '', NULL, '', '', NULL, '2024-12-12 01:17:39.88435+00', '{"provider": "email", "providers": ["email"]}', '{"sub": "0703c12d-2d1c-4729-ad42-6d82d87779c5", "name": "Beth", "email": "beth@gmail.com", "email_verified": false, "phone_verified": false}', NULL, '2024-12-04 01:26:00.280372+00', '2024-12-12 01:17:39.886125+00', NULL, NULL, '', '', NULL, '', 0, NULL, '', NULL, false, NULL, false),
	('00000000-0000-0000-0000-000000000000', 'aa67aae6-a19a-4001-8422-8b1f49709153', 'authenticated', 'authenticated', 'mason@gmail.com', '$2a$10$2dGMHTOCexmFMGFNsG4rBOZERdSZZUdRpxTvoWMxbdIH61B0GOjMq', '2024-12-04 01:04:54.8138+00', NULL, '', NULL, '', NULL, '', '', NULL, '2024-12-05 03:56:01.520778+00', '{"provider": "email", "providers": ["email"]}', '{}', NULL, '2024-12-04 01:04:54.803076+00', '2024-12-05 05:08:38.787948+00', NULL, NULL, '', '', NULL, '', 0, NULL, '', NULL, false, NULL, false),
	('00000000-0000-0000-0000-000000000000', '38e7f4a4-8c41-45bc-9b2c-af2138a3388c', 'authenticated', 'authenticated', 'jessie@gmail.com', '$2a$10$.OM26H10qEmlbPQCS2xTwOMl5Iie8bN5V2TbOAE73.WGWq2cOil.m', '2024-12-04 01:30:45.513939+00', NULL, '', NULL, '', NULL, '', '', NULL, '2024-12-04 01:30:45.518365+00', '{"provider": "email", "providers": ["email"]}', '{"sub": "38e7f4a4-8c41-45bc-9b2c-af2138a3388c", "name": "Jessie", "email": "jessie@gmail.com", "email_verified": false, "phone_verified": false}', NULL, '2024-12-04 01:30:45.503309+00', '2024-12-04 01:30:45.522025+00', NULL, NULL, '', '', NULL, '', 0, NULL, '', NULL, false, NULL, false),
	('00000000-0000-0000-0000-000000000000', '6e77e7d1-53cf-4043-adc6-7a81f16066f5', 'authenticated', 'authenticated', 'mickey@gmail.com', '$2a$10$oEcQTvT/JuhIp7wD0F1/UuTW19SuuWDDPjkGG7Q.YhOjO/b3xYopa', '2024-12-04 01:35:14.834878+00', NULL, '', NULL, '', NULL, '', '', NULL, '2024-12-06 07:18:12.771469+00', '{"provider": "email", "providers": ["email"]}', '{"sub": "6e77e7d1-53cf-4043-adc6-7a81f16066f5", "name": "Mickey", "email": "mickey@gmail.com", "email_verified": false, "phone_verified": false}', NULL, '2024-12-04 01:35:14.824621+00', '2024-12-06 18:07:08.579944+00', NULL, NULL, '', '', NULL, '', 0, NULL, '', NULL, false, NULL, false),
	('00000000-0000-0000-0000-000000000000', '8fd59e35-4e4f-423f-bdfd-c7b34e9fea46', 'authenticated', 'authenticated', 'steak@gmail.com', '$2a$10$7bzaMcSn2tPXocwDLQ0XieQXKRYNlrGjB0G2a.2jFyJyvZnsHBE8S', '2024-12-04 01:32:42.42016+00', NULL, '', NULL, '', NULL, '', '', NULL, '2024-12-04 01:32:42.643691+00', '{"provider": "email", "providers": ["email"]}', '{"sub": "8fd59e35-4e4f-423f-bdfd-c7b34e9fea46", "name": "Steak", "email": "steak@gmail.com", "email_verified": false, "phone_verified": false}', NULL, '2024-12-04 01:32:42.412877+00', '2024-12-04 01:32:43.013031+00', NULL, NULL, '', '', NULL, '', 0, NULL, '', NULL, false, NULL, false),
	('00000000-0000-0000-0000-000000000000', 'ce97f6c5-f453-474c-b136-5278997db81f', 'authenticated', 'authenticated', 'marybeth@gmail.com', '$2a$10$CHPz5C4d0E49zy7Us42QA.3v1b3f0bHBIuHksRQgXP9tu4AIzLGR.', '2024-12-05 01:03:57.302273+00', NULL, '', NULL, '', NULL, '', '', NULL, '2024-12-05 23:17:15.546246+00', '{"provider": "email", "providers": ["email"]}', '{"sub": "ce97f6c5-f453-474c-b136-5278997db81f", "name": "Mary Beth", "email": "marybeth@gmail.com", "email_verified": false, "phone_verified": false}', NULL, '2024-12-05 01:03:57.278767+00', '2024-12-05 23:17:15.548515+00', NULL, NULL, '', '', NULL, '', 0, NULL, '', NULL, false, NULL, false),
	('00000000-0000-0000-0000-000000000000', '99f7447e-14f9-46aa-b85a-996526118062', 'authenticated', 'authenticated', 'john@gmail.com', '$2a$10$V9ij10J73acWcW77BzaHxOCY8vE063EcUcTksvwcCIiaPbcAliVNC', '2024-12-05 23:16:07.692772+00', NULL, '', NULL, '', NULL, '', '', NULL, '2024-12-05 23:17:36.885326+00', '{"provider": "email", "providers": ["email"]}', '{"sub": "99f7447e-14f9-46aa-b85a-996526118062", "name": "John", "email": "john@gmail.com", "email_verified": false, "phone_verified": false}', NULL, '2024-12-05 23:16:07.682891+00', '2024-12-05 23:17:36.886997+00', NULL, NULL, '', '', NULL, '', 0, NULL, '', NULL, false, NULL, false),
	('00000000-0000-0000-0000-000000000000', '728c35ca-0d26-4565-ae80-84e6288a4312', 'authenticated', 'authenticated', 'bea@gmail.com', '$2a$10$XuW8L7WzPT4wBYKfNxjcmOqX9ZhLpjBNkHbWvdkQkN7z1AklpnQJq', '2024-12-04 05:08:45.77599+00', NULL, '', NULL, '', NULL, '', '', NULL, '2024-12-04 05:10:50.589385+00', '{"provider": "email", "providers": ["email"]}', '{"sub": "728c35ca-0d26-4565-ae80-84e6288a4312", "name": "Bea", "email": "bea@gmail.com", "email_verified": false, "phone_verified": false}', NULL, '2024-12-04 05:08:45.768101+00', '2024-12-04 05:10:50.59108+00', NULL, NULL, '', '', NULL, '', 0, NULL, '', NULL, false, NULL, false),
	('00000000-0000-0000-0000-000000000000', '98e33685-9906-4120-8a74-a020641403d0', 'authenticated', 'authenticated', 'ryan@gmail.com', '$2a$10$OvFKXqytbvsoc0M56g4mR.ce4APM1dxnV2zLQzKE02EzJGjp/sJPm', '2024-12-04 04:58:07.580158+00', NULL, '', NULL, '', NULL, '', '', NULL, '2024-12-04 20:13:29.13349+00', '{"provider": "email", "providers": ["email"]}', '{"sub": "98e33685-9906-4120-8a74-a020641403d0", "name": "Ryan", "email": "ryan@gmail.com", "email_verified": false, "phone_verified": false}', NULL, '2024-12-04 04:58:07.565952+00', '2024-12-05 00:56:49.559953+00', NULL, NULL, '', '', NULL, '', 0, NULL, '', NULL, false, NULL, false),
	('00000000-0000-0000-0000-000000000000', '8b134859-69ff-4b11-b6c4-92bfcbada0fe', 'authenticated', 'authenticated', 'bart@gmail.com', '$2a$10$MQ4sAfwAHblIW2uMKqNLQOhIqPTN2AaX6tiSuvATr.V1foDQQDdBu', '2024-12-05 22:48:14.044869+00', NULL, '', NULL, '', NULL, '', '', NULL, '2024-12-05 22:48:14.048195+00', '{"provider": "email", "providers": ["email"]}', '{"sub": "8b134859-69ff-4b11-b6c4-92bfcbada0fe", "name": "Bart Barker", "email": "bart@gmail.com", "email_verified": false, "phone_verified": false}', NULL, '2024-12-05 22:48:14.033739+00', '2024-12-05 22:48:14.052951+00', NULL, NULL, '', '', NULL, '', 0, NULL, '', NULL, false, NULL, false),
	('00000000-0000-0000-0000-000000000000', 'da93d358-3e06-42e0-8769-1bf02cdebd6d', 'authenticated', 'authenticated', 'mike@gmail.com', '$2a$10$zRbjWNU7l4XQNt/VkOncGuv4iMARICnuT2vggb386P8VD11CaMV7m', '2024-12-05 22:41:49.55043+00', NULL, '', NULL, '', NULL, '', '', NULL, '2024-12-05 22:42:03.968851+00', '{"provider": "email", "providers": ["email"]}', '{"sub": "da93d358-3e06-42e0-8769-1bf02cdebd6d", "name": "Mike", "email": "mike@gmail.com", "email_verified": false, "phone_verified": false}', NULL, '2024-12-05 22:41:49.544981+00', '2024-12-05 22:42:03.970587+00', NULL, NULL, '', '', NULL, '', 0, NULL, '', NULL, false, NULL, false),
	('00000000-0000-0000-0000-000000000000', '829bce4c-b7f2-4cab-891b-20f3b96cdb74', 'authenticated', 'authenticated', 'michael@gmail.com', '$2a$10$qLCyALRRxxVmP4.5Z45Enur7XdYwvltQc.7aUVqSFoUbfBZaBchNu', '2024-12-05 21:57:42.466892+00', NULL, '', NULL, '', NULL, '', '', NULL, '2024-12-05 21:58:14.221472+00', '{"provider": "email", "providers": ["email"]}', '{"sub": "829bce4c-b7f2-4cab-891b-20f3b96cdb74", "name": "Michael", "email": "michael@gmail.com", "email_verified": false, "phone_verified": false}', NULL, '2024-12-05 21:57:42.444175+00', '2024-12-05 21:58:14.223112+00', NULL, NULL, '', '', NULL, '', 0, NULL, '', NULL, false, NULL, false),
	('00000000-0000-0000-0000-000000000000', '299a6670-9693-4e46-ab18-b0c1be1cbd0f', 'authenticated', 'authenticated', 'rick@gmail.com', '$2a$10$1pYX8sX40sXuYSpba3Rjyuix2u7eeN/VNzS3d93dMj7.4aOJB3ta2', '2024-12-05 22:40:21.288117+00', NULL, '', NULL, '', NULL, '', '', NULL, '2024-12-05 22:40:44.717524+00', '{"provider": "email", "providers": ["email"]}', '{"sub": "299a6670-9693-4e46-ab18-b0c1be1cbd0f", "name": "Rick Sanchez", "email": "rick@gmail.com", "email_verified": false, "phone_verified": false}', NULL, '2024-12-05 22:40:21.277445+00', '2024-12-05 22:40:44.720359+00', NULL, NULL, '', '', NULL, '', 0, NULL, '', NULL, false, NULL, false),
	('00000000-0000-0000-0000-000000000000', 'c04d301b-ffed-42e4-af46-4ef8ae4295f8', 'authenticated', 'authenticated', 'coco@gmail.com', '$2a$10$SNUKayg3OUGMGmmRjht.hO9cn5tAAvCtvhFo8pBtAKoybQjLaADfi', '2024-12-04 06:45:44.541325+00', NULL, '', NULL, '', NULL, '', '', NULL, '2024-12-07 03:53:29.624126+00', '{"provider": "email", "providers": ["email"]}', '{"sub": "c04d301b-ffed-42e4-af46-4ef8ae4295f8", "name": "Coco", "email": "coco@gmail.com", "email_verified": false, "phone_verified": false}', NULL, '2024-12-04 06:45:44.534171+00', '2024-12-07 03:53:29.627729+00', NULL, NULL, '', '', NULL, '', 0, NULL, '', NULL, false, NULL, false),
	('00000000-0000-0000-0000-000000000000', '97680bcf-f3b4-4565-a029-27739016345c', 'authenticated', 'authenticated', 'megan@gmail.com', '$2a$10$tImusEFIRny3OXcG2voTM.mMq7HiHcaD6cLyzTHwiFr9rPlSelKWi', '2024-12-05 23:43:03.075821+00', NULL, '', NULL, '', NULL, '', '', NULL, '2024-12-06 02:23:44.181038+00', '{"provider": "email", "providers": ["email"]}', '{"sub": "97680bcf-f3b4-4565-a029-27739016345c", "name": "Megan", "email": "megan@gmail.com", "email_verified": false, "phone_verified": false}', NULL, '2024-12-05 23:43:03.067363+00', '2024-12-06 05:28:30.463249+00', NULL, NULL, '', '', NULL, '', 0, NULL, '', NULL, false, NULL, false),
	('00000000-0000-0000-0000-000000000000', '38d0bae9-6280-4dfe-aa2e-8221fc0f2900', 'authenticated', 'authenticated', 'yoly@gmail.com', '$2a$10$mBt2qaESP8SIq4hXOcb33OyNj1tMCAc8IJ2daih.UuBSGd/1DRzKS', '2024-12-06 00:30:12.370312+00', NULL, '', NULL, '', NULL, '', '', NULL, '2024-12-06 00:47:27.440256+00', '{"provider": "email", "providers": ["email"]}', '{"sub": "38d0bae9-6280-4dfe-aa2e-8221fc0f2900", "name": "Yoly", "email": "yoly@gmail.com", "email_verified": false, "phone_verified": false}', NULL, '2024-12-06 00:30:12.361655+00', '2024-12-06 00:47:27.442629+00', NULL, NULL, '', '', NULL, '', 0, NULL, '', NULL, false, NULL, false),
	('00000000-0000-0000-0000-000000000000', '13023665-71f0-46ab-93e8-139791f4ba6e', 'authenticated', 'authenticated', 'ollie@gmail.com', '$2a$10$CL.bozginsM/6E5rcU4sxuZ7w6zycd5xXKX1VDb9Ks8LX5xibEZ3S', '2024-12-07 00:22:39.457713+00', NULL, '', NULL, '', NULL, '', '', NULL, '2024-12-08 01:47:28.540584+00', '{"provider": "email", "providers": ["email"]}', '{"sub": "13023665-71f0-46ab-93e8-139791f4ba6e", "name": "Ollie", "email": "ollie@gmail.com", "email_verified": false, "phone_verified": false}', NULL, '2024-12-07 00:22:39.433155+00', '2024-12-08 01:47:28.549106+00', NULL, NULL, '', '', NULL, '', 0, NULL, '', NULL, false, NULL, false),
	('00000000-0000-0000-0000-000000000000', '54f4aad0-5e28-4240-9fec-3fa35d93e26b', 'authenticated', 'authenticated', 'summer@gmail.com', '$2a$10$79E4ueTfJJzFtTPuZ30pduUe/pd8hznB0OYKbhIRosqBpgAzlhGaG', '2024-12-06 07:10:07.324958+00', NULL, '', NULL, '', NULL, '', '', NULL, '2024-12-06 07:14:52.502687+00', '{"provider": "email", "providers": ["email"]}', '{"sub": "54f4aad0-5e28-4240-9fec-3fa35d93e26b", "name": "Summer", "email": "summer@gmail.com", "email_verified": false, "phone_verified": false}', NULL, '2024-12-06 07:10:07.313796+00', '2024-12-06 07:14:52.507705+00', NULL, NULL, '', '', NULL, '', 0, NULL, '', NULL, false, NULL, false),
	('00000000-0000-0000-0000-000000000000', '9c54d794-ddc4-425b-bc31-9eabcc9edc4e', 'authenticated', 'authenticated', 'louis@gmail.com', '$2a$10$u.34r2guooraYisFT8K2EOfPQXFpLBrDNFETak8bcsed4tDTX3C7K', '2024-12-06 06:06:56.464925+00', NULL, '', NULL, '', NULL, '', '', NULL, '2024-12-06 06:27:06.424764+00', '{"provider": "email", "providers": ["email"]}', '{"sub": "9c54d794-ddc4-425b-bc31-9eabcc9edc4e", "name": "Louis Stephens", "email": "louis@gmail.com", "email_verified": false, "phone_verified": false}', NULL, '2024-12-06 06:06:56.452384+00', '2024-12-06 06:27:06.430768+00', NULL, NULL, '', '', NULL, '', 0, NULL, '', NULL, false, NULL, false),
	('00000000-0000-0000-0000-000000000000', 'dd0e512b-a716-4ff7-b924-bfbef183039e', 'authenticated', 'authenticated', 'ryanthecat@gmail.com', '$2a$10$XrxH.uVqiIHo9gNgwu/4Ruz8UUbC84FOa4d7BeZj/72SOA4nMkvl6', '2024-12-06 01:05:49.078295+00', NULL, '', NULL, '', NULL, '', '', NULL, '2024-12-06 01:55:25.425488+00', '{"provider": "email", "providers": ["email"]}', '{"sub": "dd0e512b-a716-4ff7-b924-bfbef183039e", "name": "Ryan The Cat", "email": "ryanthecat@gmail.com", "email_verified": false, "phone_verified": false}', NULL, '2024-12-06 01:05:49.068297+00', '2024-12-06 04:55:01.706389+00', NULL, NULL, '', '', NULL, '', 0, NULL, '', NULL, false, NULL, false),
	('00000000-0000-0000-0000-000000000000', '41c5f4a4-98ab-444a-a254-9af214c68b1f', 'authenticated', 'authenticated', 'raven@gmail.com', '$2a$10$GPMBF8ZLybYWorkD2lCN5uegm/MEtVHIdzQjGePfLMHlfoNxkhVSa', '2024-12-06 06:32:32.357925+00', NULL, '', NULL, '', NULL, '', '', NULL, '2024-12-06 07:09:24.647568+00', '{"provider": "email", "providers": ["email"]}', '{"sub": "41c5f4a4-98ab-444a-a254-9af214c68b1f", "name": "Raven Symone", "email": "raven@gmail.com", "email_verified": false, "phone_verified": false}', NULL, '2024-12-06 06:32:32.336877+00', '2024-12-06 07:09:24.650001+00', NULL, NULL, '', '', NULL, '', 0, NULL, '', NULL, false, NULL, false),
	('00000000-0000-0000-0000-000000000000', '728f0682-86ca-4c78-a921-e59e8eb4b779', 'authenticated', 'authenticated', 'candy@gmail.com', '$2a$10$38V5Ltk5F7qKH17z.XYgfeHFvuJ/3kkY80aq97ChGWNlvPhr3gV6W', '2024-12-06 18:49:42.420003+00', NULL, '', NULL, '', NULL, '', '', NULL, '2024-12-06 18:49:42.42364+00', '{"provider": "email", "providers": ["email"]}', '{"sub": "728f0682-86ca-4c78-a921-e59e8eb4b779", "name": "Candy", "email": "candy@gmail.com", "email_verified": false, "phone_verified": false}', NULL, '2024-12-06 18:49:42.407063+00', '2024-12-06 18:49:42.426574+00', NULL, NULL, '', '', NULL, '', 0, NULL, '', NULL, false, NULL, false),
	('00000000-0000-0000-0000-000000000000', 'ac48cdc3-0dbd-4c26-bfd0-abc53fd89489', 'authenticated', 'authenticated', 'matthew@gmail.com', '$2a$10$LDT5nVzIprKjitZvhpwaFuG6I1P3StheTerekT.7NZ1kiCcQ46I3i', '2024-12-06 06:28:08.412068+00', NULL, '', NULL, '', NULL, '', '', NULL, '2024-12-06 06:28:40.61203+00', '{"provider": "email", "providers": ["email"]}', '{"sub": "ac48cdc3-0dbd-4c26-bfd0-abc53fd89489", "name": "Matthew Perry", "email": "matthew@gmail.com", "email_verified": false, "phone_verified": false}', NULL, '2024-12-06 06:28:08.398794+00', '2024-12-06 06:28:40.613678+00', NULL, NULL, '', '', NULL, '', 0, NULL, '', NULL, false, NULL, false),
	('00000000-0000-0000-0000-000000000000', 'ebf4d8fc-4f39-4707-9e07-d1f3c68dabb0', 'authenticated', 'authenticated', 'jack@gmail.com', '$2a$10$ES4OxHA4XkH9SUvrLBPmXuCJvXCvcNrqGhrbrnIiif7GEcfsLkCPu', '2024-12-06 18:41:49.487563+00', NULL, '', NULL, '', NULL, '', '', NULL, '2024-12-06 18:41:49.492831+00', '{"provider": "email", "providers": ["email"]}', '{"sub": "ebf4d8fc-4f39-4707-9e07-d1f3c68dabb0", "name": "Jack", "email": "jack@gmail.com", "email_verified": false, "phone_verified": false}', NULL, '2024-12-06 18:41:49.475831+00', '2024-12-06 18:41:49.498018+00', NULL, NULL, '', '', NULL, '', 0, NULL, '', NULL, false, NULL, false),
	('00000000-0000-0000-0000-000000000000', '0beb0045-c926-487b-b09a-0d72eaceb798', 'authenticated', 'authenticated', 'morty@gmail.com', '$2a$10$8GnSRwvK7DUIZFWL82h/ZOpPB.RrgpUXEtSAmKZKgpTEZ0sEJvs.i', '2024-12-06 05:33:50.971327+00', NULL, '', NULL, '', NULL, '', '', NULL, '2024-12-06 19:19:33.086883+00', '{"provider": "email", "providers": ["email"]}', '{"sub": "0beb0045-c926-487b-b09a-0d72eaceb798", "name": "Morty", "email": "morty@gmail.com", "email_verified": false, "phone_verified": false}', NULL, '2024-12-06 05:33:50.957294+00', '2024-12-06 19:19:33.088507+00', NULL, NULL, '', '', NULL, '', 0, NULL, '', NULL, false, NULL, false),
	('00000000-0000-0000-0000-000000000000', '17778f1f-7013-4485-8b0b-d8cbaca339cc', 'authenticated', 'authenticated', 'goofy@gmail.com', '$2a$10$UmoHlAfVOUZ87qU/Ef/WRuRsYUgQ4CpxEF3Nd3Fhd/GpUmKbN4PyC', '2024-12-06 18:20:23.728343+00', NULL, '', NULL, '', NULL, '', '', NULL, '2024-12-06 18:39:26.502027+00', '{"provider": "email", "providers": ["email"]}', '{"sub": "17778f1f-7013-4485-8b0b-d8cbaca339cc", "name": "Goofy", "email": "goofy@gmail.com", "email_verified": false, "phone_verified": false}', NULL, '2024-12-06 18:20:23.714276+00', '2024-12-06 18:39:26.503939+00', NULL, NULL, '', '', NULL, '', 0, NULL, '', NULL, false, NULL, false),
	('00000000-0000-0000-0000-000000000000', 'c7031ff6-9559-40b8-bcda-61464c7c734a', 'authenticated', 'authenticated', 'ruby@gmail.com', '$2a$10$T8TltXp89DS2hajWE5jxJuXn.gC4D9ZZx5UbW0j5WxDvHlwsPQAOC', '2024-12-06 18:08:04.74898+00', NULL, '', NULL, '', NULL, '', '', NULL, '2024-12-06 18:18:24.164659+00', '{"provider": "email", "providers": ["email"]}', '{"sub": "c7031ff6-9559-40b8-bcda-61464c7c734a", "name": "Ruby", "email": "ruby@gmail.com", "email_verified": false, "phone_verified": false}', NULL, '2024-12-06 18:08:04.713926+00', '2024-12-06 18:18:24.169123+00', NULL, NULL, '', '', NULL, '', 0, NULL, '', NULL, false, NULL, false),
	('00000000-0000-0000-0000-000000000000', '39292e4e-83a9-4a1f-80a9-9b1d814a1fba', 'authenticated', 'authenticated', 'roger@gmail.com', '$2a$10$KzYoItjy44F53P/OaG9BeexVfw.wMlDA2jj8tTd6HWeBVaHc5MuY6', '2024-12-06 18:52:10.084453+00', NULL, '', NULL, '', NULL, '', '', NULL, '2024-12-12 22:47:41.485711+00', '{"provider": "email", "providers": ["email"]}', '{"sub": "39292e4e-83a9-4a1f-80a9-9b1d814a1fba", "name": "Roger", "email": "roger@gmail.com", "email_verified": false, "phone_verified": false}', NULL, '2024-12-06 18:52:10.073316+00', '2024-12-12 22:47:41.494852+00', NULL, NULL, '', '', NULL, '', 0, NULL, '', NULL, false, NULL, false),
	('00000000-0000-0000-0000-000000000000', '510ad148-d59d-4dcf-911f-5467d131c644', 'authenticated', 'authenticated', 'bethany@gmail.com', '$2a$10$9iEwSmzoHSfPlkkfiiuVneMeUilPT3Tl9vucLqL/eed0IaN1o2C9y', '2024-12-06 19:19:58.600696+00', NULL, '', NULL, '', NULL, '', '', NULL, '2024-12-06 19:19:58.605974+00', '{"provider": "email", "providers": ["email"]}', '{"sub": "510ad148-d59d-4dcf-911f-5467d131c644", "name": "Bethany", "email": "bethany@gmail.com", "email_verified": false, "phone_verified": false}', NULL, '2024-12-06 19:19:58.589973+00', '2024-12-06 19:19:58.609655+00', NULL, NULL, '', '', NULL, '', 0, NULL, '', NULL, false, NULL, false),
	('00000000-0000-0000-0000-000000000000', 'e211035b-c79f-4049-862e-3a4c60810939', 'authenticated', 'authenticated', 'molly@gmail.com', '$2a$10$5JgN3wyjNDl2wiElcV4ECuLu5B4V7GVjaZrFEpvo/6V6.SJM3/6GK', '2024-12-06 20:14:12.241083+00', NULL, '', NULL, '', NULL, '', '', NULL, '2024-12-07 03:55:14.441894+00', '{"provider": "email", "providers": ["email"]}', '{"sub": "e211035b-c79f-4049-862e-3a4c60810939", "name": "Molly Simpson", "email": "molly@gmail.com", "email_verified": false, "phone_verified": false}', NULL, '2024-12-06 20:14:12.228408+00', '2024-12-07 08:05:37.170963+00', NULL, NULL, '', '', NULL, '', 0, NULL, '', NULL, false, NULL, false),
	('00000000-0000-0000-0000-000000000000', '76691c90-7ab6-4410-8bcc-1c9e0e05495a', 'authenticated', 'authenticated', 'joker@gmail.com', '$2a$10$z1vppQc0Q4nHKQ9tTnJfyun2lWeGMhTeLLEX610Tnt1DZG6hjKSyC', '2024-12-07 16:52:24.00035+00', NULL, '', NULL, '', NULL, '', '', NULL, '2024-12-07 16:52:24.006528+00', '{"provider": "email", "providers": ["email"]}', '{"sub": "76691c90-7ab6-4410-8bcc-1c9e0e05495a", "email": "joker@gmail.com", "email_verified": false, "phone_verified": false}', NULL, '2024-12-07 16:52:23.970385+00', '2024-12-07 16:52:24.009023+00', NULL, NULL, '', '', NULL, '', 0, NULL, '', NULL, false, NULL, false),
	('00000000-0000-0000-0000-000000000000', 'c5c879b5-edcb-4b5a-a06a-6b0aa38e9cd9', 'authenticated', 'authenticated', 'romeo@gmail.com', '$2a$10$HcPqBJVFSpN7TfxgMQgab.wCSi87C1uS2xOCZ7fY2qP9moSm0iBBK', '2024-12-07 00:58:05.539225+00', NULL, '', NULL, '', NULL, '', '', NULL, '2024-12-07 01:32:46.312354+00', '{"provider": "email", "providers": ["email"]}', '{"sub": "c5c879b5-edcb-4b5a-a06a-6b0aa38e9cd9", "name": "Romeo Miller", "email": "romeo@gmail.com", "email_verified": false, "phone_verified": false}', NULL, '2024-12-07 00:58:05.528472+00', '2024-12-07 01:32:46.314195+00', NULL, NULL, '', '', NULL, '', 0, NULL, '', NULL, false, NULL, false),
	('00000000-0000-0000-0000-000000000000', 'eb525018-3d73-4bf1-a7cb-a8960efa3098', 'authenticated', 'authenticated', 'maloryjohnson@gmail.com', '$2a$10$4FQZ7nu5lFeNzN3RmRvWZe.5nbVxqSPYGQUhfW5RxHQUtWPlKzpHq', '2024-12-07 07:22:23.028659+00', NULL, '', NULL, '', NULL, '', '', NULL, '2024-12-07 07:22:23.033366+00', '{"provider": "email", "providers": ["email"]}', '{"sub": "eb525018-3d73-4bf1-a7cb-a8960efa3098", "email": "maloryjohnson@gmail.com", "email_verified": false, "phone_verified": false}', NULL, '2024-12-07 07:22:23.012497+00', '2024-12-07 07:22:23.039206+00', NULL, NULL, '', '', NULL, '', 0, NULL, '', NULL, false, NULL, false),
	('00000000-0000-0000-0000-000000000000', '47a40492-97b7-45f3-9fd7-ad6f48454c5f', 'authenticated', 'authenticated', 'butters@gmail.com', '$2a$10$1li.AZeR4YmjkNQzzQVkfuBlgMzwnGlnYNYO/0XOY9kVIEFntRFMi', '2024-12-07 01:36:07.950108+00', NULL, '', NULL, '', NULL, '', '', NULL, '2024-12-07 01:36:07.953021+00', '{"provider": "email", "providers": ["email"]}', '{"sub": "47a40492-97b7-45f3-9fd7-ad6f48454c5f", "name": "Butters", "email": "butters@gmail.com", "email_verified": false, "phone_verified": false}', NULL, '2024-12-07 01:36:07.939745+00', '2024-12-07 01:36:07.955859+00', NULL, NULL, '', '', NULL, '', 0, NULL, '', NULL, false, NULL, false),
	('00000000-0000-0000-0000-000000000000', '77224d79-f9da-4b14-bb55-4bbfd4d25188', 'authenticated', 'authenticated', 'marge@gmail.com', '$2a$10$3qer7UjOmkhcgZNhXbObZ.AEZXn5y3iu3Ac7VJmKeonZwTk8XoLm.', '2024-12-07 17:26:07.322043+00', NULL, '', NULL, '', NULL, '', '', NULL, '2024-12-08 01:57:26.50879+00', '{"provider": "email", "providers": ["email"]}', '{"sub": "77224d79-f9da-4b14-bb55-4bbfd4d25188", "email": "marge@gmail.com", "email_verified": false, "phone_verified": false}', NULL, '2024-12-07 17:26:07.311274+00', '2024-12-08 01:57:26.514814+00', NULL, NULL, '', '', NULL, '', 0, NULL, '', NULL, false, NULL, false),
	('00000000-0000-0000-0000-000000000000', 'c06a3e2c-681a-42ba-a587-0a8bd363eac7', 'authenticated', 'authenticated', 'homer@gmail.com', '$2a$10$h9jhLMOCmMLwJrjdwtyC/OoHyNz8BEujZ7wJX3ktfAt79hSiK8ZYq', '2024-12-07 17:23:48.248456+00', NULL, '', NULL, '', NULL, '', '', NULL, '2024-12-07 17:25:45.901256+00', '{"provider": "email", "providers": ["email"]}', '{"sub": "c06a3e2c-681a-42ba-a587-0a8bd363eac7", "email": "homer@gmail.com", "email_verified": false, "phone_verified": false}', NULL, '2024-12-07 17:23:48.229551+00', '2024-12-07 17:25:45.906771+00', NULL, NULL, '', '', NULL, '', 0, NULL, '', NULL, false, NULL, false),
	('00000000-0000-0000-0000-000000000000', '795a49c3-96bc-41eb-b705-650559e2177b', 'authenticated', 'authenticated', 'magicjohnson@gmail.com', '$2a$10$nrZOaVEri7JzG6DhrCqiyOMX3dwb9yleum.XHls3UgJQTYJzGJmwO', '2024-12-07 08:17:24.764993+00', NULL, '', NULL, '', NULL, '', '', NULL, '2024-12-07 08:17:24.769469+00', '{"provider": "email", "providers": ["email"]}', '{"sub": "795a49c3-96bc-41eb-b705-650559e2177b", "email": "magicjohnson@gmail.com", "email_verified": false, "phone_verified": false}', NULL, '2024-12-07 08:17:24.753036+00', '2024-12-07 08:17:24.773442+00', NULL, NULL, '', '', NULL, '', 0, NULL, '', NULL, false, NULL, false),
	('00000000-0000-0000-0000-000000000000', 'bb37a041-9d88-49d6-9357-16815ea6c83e', 'authenticated', 'authenticated', 'benson@gmail.com', '$2a$10$J/MzOkizvLHmMg2mUp2ms.D9Kjeqhunq.Bi0I.z54bxRssukhng3W', '2024-12-07 05:34:01.544372+00', NULL, '', NULL, '', NULL, '', '', NULL, '2024-12-07 05:34:01.547671+00', '{"provider": "email", "providers": ["email"]}', '{"sub": "bb37a041-9d88-49d6-9357-16815ea6c83e", "name": "Benson Anderson", "email": "benson@gmail.com", "email_verified": false, "phone_verified": false}', NULL, '2024-12-07 05:34:01.531895+00', '2024-12-07 07:09:41.892012+00', NULL, NULL, '', '', NULL, '', 0, NULL, '', NULL, false, NULL, false),
	('00000000-0000-0000-0000-000000000000', '104dd065-416e-4ea5-ae0f-1221d5c35252', 'authenticated', 'authenticated', 'ginger@gmail.com', '$2a$10$isBdiwnIgWvjIeVl4NZ82epI1s26atLb52dQiCt29InNsedVVNna.', '2024-12-10 17:42:09.323941+00', NULL, '', NULL, '', NULL, '', '', NULL, '2024-12-10 17:42:09.331757+00', '{"provider": "email", "providers": ["email"]}', '{"sub": "104dd065-416e-4ea5-ae0f-1221d5c35252", "email": "ginger@gmail.com", "email_verified": false, "phone_verified": false}', NULL, '2024-12-10 17:42:09.290825+00', '2024-12-11 03:00:50.321719+00', NULL, NULL, '', '', NULL, '', 0, NULL, '', NULL, false, NULL, false);


--
-- Data for Name: identities; Type: TABLE DATA; Schema: auth; Owner: supabase_auth_admin
--

INSERT INTO "auth"."identities" ("provider_id", "user_id", "identity_data", "provider", "last_sign_in_at", "created_at", "updated_at", "id") VALUES
	('8574d351-88bf-4b65-9e82-20029e8cb725', '8574d351-88bf-4b65-9e82-20029e8cb725', '{"sub": "8574d351-88bf-4b65-9e82-20029e8cb725", "name": "Jonathan", "email": "jonathantbenn@gmail.com", "email_verified": false, "phone_verified": false}', 'email', '2024-12-03 23:10:56.329743+00', '2024-12-03 23:10:56.32979+00', '2024-12-03 23:10:56.32979+00', '26eb14dc-0fd2-4803-8b92-c47652967ffb'),
	('49510c1a-6ea7-428f-9743-eeddacf528dd', '49510c1a-6ea7-428f-9743-eeddacf528dd', '{"sub": "49510c1a-6ea7-428f-9743-eeddacf528dd", "email": "bonjennprojects@gmail.com", "email_verified": false, "phone_verified": false}', 'email', '2024-12-03 23:33:01.220558+00', '2024-12-03 23:33:01.220605+00', '2024-12-03 23:33:01.220605+00', 'b2871c9e-4977-4400-a7b1-cc232cca2cda'),
	('9a581da5-bfea-47bc-87ef-3873a112a250', '9a581da5-bfea-47bc-87ef-3873a112a250', '{"sub": "9a581da5-bfea-47bc-87ef-3873a112a250", "name": "Dave", "email": "fckformfitness@gmail.com", "email_verified": false, "phone_verified": false}', 'email', '2024-12-03 23:36:11.503753+00', '2024-12-03 23:36:11.5038+00', '2024-12-03 23:36:11.5038+00', '0f692d8a-f2a3-4e5a-a142-ffc06cbaadd6'),
	('a4f3d1e7-9648-459b-8ac9-a957560a9f65', 'a4f3d1e7-9648-459b-8ac9-a957560a9f65', '{"sub": "a4f3d1e7-9648-459b-8ac9-a957560a9f65", "name": "Andy", "email": "adobehousevideos@gmail.com", "email_verified": false, "phone_verified": false}', 'email', '2024-12-03 23:38:55.349875+00', '2024-12-03 23:38:55.349928+00', '2024-12-03 23:38:55.349928+00', 'aa41362f-64ce-4aa8-bbb4-1ac48eb58fd2'),
	('809663d2-bedf-40b4-af5e-2beb5a93adf8', '809663d2-bedf-40b4-af5e-2beb5a93adf8', '{"sub": "809663d2-bedf-40b4-af5e-2beb5a93adf8", "name": "Kanye", "email": "kanyewest@gmail.com", "email_verified": false, "phone_verified": false}', 'email', '2024-12-03 23:40:51.37632+00', '2024-12-03 23:40:51.376369+00', '2024-12-03 23:40:51.376369+00', 'a1e9235d-4119-40da-8173-de38857cce65'),
	('6709311b-4c63-4961-bf00-4b3be7dc3fb1', '6709311b-4c63-4961-bf00-4b3be7dc3fb1', '{"sub": "6709311b-4c63-4961-bf00-4b3be7dc3fb1", "name": "car", "email": "car@gmail.com", "email_verified": false, "phone_verified": false}', 'email', '2024-12-03 23:45:23.641657+00', '2024-12-03 23:45:23.641701+00', '2024-12-03 23:45:23.641701+00', '04f4fc78-ee6d-4925-bf42-4d22bd99ad61'),
	('aa67aae6-a19a-4001-8422-8b1f49709153', 'aa67aae6-a19a-4001-8422-8b1f49709153', '{"sub": "aa67aae6-a19a-4001-8422-8b1f49709153", "email": "mason@gmail.com", "email_verified": false, "phone_verified": false}', 'email', '2024-12-04 01:04:54.809999+00', '2024-12-04 01:04:54.810057+00', '2024-12-04 01:04:54.810057+00', 'd98bca36-7b9a-46ba-a7ba-eebaa0507edf'),
	('fec6c6d9-09f0-42be-8688-6a48f9eb7509', 'fec6c6d9-09f0-42be-8688-6a48f9eb7509', '{"sub": "fec6c6d9-09f0-42be-8688-6a48f9eb7509", "name": "Mac", "email": "mac@gmail.com", "email_verified": false, "phone_verified": false}', 'email', '2024-12-04 01:15:01.816143+00', '2024-12-04 01:15:01.816193+00', '2024-12-04 01:15:01.816193+00', '5149f235-42a7-419a-a717-bcb3bd92112b'),
	('6f66fc06-42c5-42af-a60b-d01b40bba13c', '6f66fc06-42c5-42af-a60b-d01b40bba13c', '{"sub": "6f66fc06-42c5-42af-a60b-d01b40bba13c", "name": "Larry", "email": "larry@gmail.com", "email_verified": false, "phone_verified": false}', 'email', '2024-12-04 01:17:09.811076+00', '2024-12-04 01:17:09.811123+00', '2024-12-04 01:17:09.811123+00', 'eeb00691-d77b-43a2-bae0-eb0c6b10361f'),
	('a53da0a9-3fff-4e59-83b1-4466c348a752', 'a53da0a9-3fff-4e59-83b1-4466c348a752', '{"sub": "a53da0a9-3fff-4e59-83b1-4466c348a752", "name": "Josh", "email": "josh@gmail.com", "email_verified": false, "phone_verified": false}', 'email', '2024-12-04 01:20:15.178214+00', '2024-12-04 01:20:15.178267+00', '2024-12-04 01:20:15.178267+00', '1a5c3b1d-579d-471a-970c-f2c36012cc8a'),
	('4f93d31d-f4c0-4362-a3a9-93347c14c2fd', '4f93d31d-f4c0-4362-a3a9-93347c14c2fd', '{"sub": "4f93d31d-f4c0-4362-a3a9-93347c14c2fd", "name": "Mary", "email": "mary@gmail.com", "email_verified": false, "phone_verified": false}', 'email', '2024-12-04 01:24:55.484601+00', '2024-12-04 01:24:55.484644+00', '2024-12-04 01:24:55.484644+00', '028a79f9-40b4-430d-8f61-7763e59610e7'),
	('0703c12d-2d1c-4729-ad42-6d82d87779c5', '0703c12d-2d1c-4729-ad42-6d82d87779c5', '{"sub": "0703c12d-2d1c-4729-ad42-6d82d87779c5", "name": "Beth", "email": "beth@gmail.com", "email_verified": false, "phone_verified": false}', 'email', '2024-12-04 01:26:00.284623+00', '2024-12-04 01:26:00.284668+00', '2024-12-04 01:26:00.284668+00', '9bcbb9f4-59ae-46de-8b0c-f27aca2f5feb'),
	('32237bd3-7c5c-49b6-a8e9-ed009b530387', '32237bd3-7c5c-49b6-a8e9-ed009b530387', '{"sub": "32237bd3-7c5c-49b6-a8e9-ed009b530387", "name": "Chris", "email": "chris@gmail.com", "email_verified": false, "phone_verified": false}', 'email', '2024-12-04 01:27:25.967533+00', '2024-12-04 01:27:25.967587+00', '2024-12-04 01:27:25.967587+00', '29e2c602-9790-4d3e-ad1d-d377fd0e9f19'),
	('b80117b6-4a0f-4eee-b636-b4c68f57d695', 'b80117b6-4a0f-4eee-b636-b4c68f57d695', '{"sub": "b80117b6-4a0f-4eee-b636-b4c68f57d695", "name": "Seth", "email": "seth@gmail.com", "email_verified": false, "phone_verified": false}', 'email', '2024-12-04 01:28:36.717029+00', '2024-12-04 01:28:36.717078+00', '2024-12-04 01:28:36.717078+00', '5390ffb1-9b84-4ae1-b612-78a994bd4ec5'),
	('38e7f4a4-8c41-45bc-9b2c-af2138a3388c', '38e7f4a4-8c41-45bc-9b2c-af2138a3388c', '{"sub": "38e7f4a4-8c41-45bc-9b2c-af2138a3388c", "name": "Jessie", "email": "jessie@gmail.com", "email_verified": false, "phone_verified": false}', 'email', '2024-12-04 01:30:45.509755+00', '2024-12-04 01:30:45.509805+00', '2024-12-04 01:30:45.509805+00', '82f8fc7e-04fe-44d4-b91e-c39eb8ef3c3a'),
	('8fd59e35-4e4f-423f-bdfd-c7b34e9fea46', '8fd59e35-4e4f-423f-bdfd-c7b34e9fea46', '{"sub": "8fd59e35-4e4f-423f-bdfd-c7b34e9fea46", "name": "Steak", "email": "steak@gmail.com", "email_verified": false, "phone_verified": false}', 'email', '2024-12-04 01:32:42.417136+00', '2024-12-04 01:32:42.41718+00', '2024-12-04 01:32:42.41718+00', '16b3ae6b-620c-41e8-b5c9-b1789775ce9b'),
	('6e77e7d1-53cf-4043-adc6-7a81f16066f5', '6e77e7d1-53cf-4043-adc6-7a81f16066f5', '{"sub": "6e77e7d1-53cf-4043-adc6-7a81f16066f5", "name": "Mickey", "email": "mickey@gmail.com", "email_verified": false, "phone_verified": false}', 'email', '2024-12-04 01:35:14.830323+00', '2024-12-04 01:35:14.830366+00', '2024-12-04 01:35:14.830366+00', 'b43776ee-677f-432e-8b7c-1f844e932c23'),
	('98e33685-9906-4120-8a74-a020641403d0', '98e33685-9906-4120-8a74-a020641403d0', '{"sub": "98e33685-9906-4120-8a74-a020641403d0", "name": "Ryan", "email": "ryan@gmail.com", "email_verified": false, "phone_verified": false}', 'email', '2024-12-04 04:58:07.575443+00', '2024-12-04 04:58:07.575491+00', '2024-12-04 04:58:07.575491+00', '24f53029-c006-4c14-8f30-316bc48bf64b'),
	('728c35ca-0d26-4565-ae80-84e6288a4312', '728c35ca-0d26-4565-ae80-84e6288a4312', '{"sub": "728c35ca-0d26-4565-ae80-84e6288a4312", "name": "Bea", "email": "bea@gmail.com", "email_verified": false, "phone_verified": false}', 'email', '2024-12-04 05:08:45.771921+00', '2024-12-04 05:08:45.771968+00', '2024-12-04 05:08:45.771968+00', '2f56be9c-34d0-49b5-9b75-fcf3f5d69cb5'),
	('c04d301b-ffed-42e4-af46-4ef8ae4295f8', 'c04d301b-ffed-42e4-af46-4ef8ae4295f8', '{"sub": "c04d301b-ffed-42e4-af46-4ef8ae4295f8", "name": "Coco", "email": "coco@gmail.com", "email_verified": false, "phone_verified": false}', 'email', '2024-12-04 06:45:44.537971+00', '2024-12-04 06:45:44.538024+00', '2024-12-04 06:45:44.538024+00', '52dc790d-1fa0-4d6e-ad06-cf1184ef01fc'),
	('ce97f6c5-f453-474c-b136-5278997db81f', 'ce97f6c5-f453-474c-b136-5278997db81f', '{"sub": "ce97f6c5-f453-474c-b136-5278997db81f", "name": "Mary Beth", "email": "marybeth@gmail.com", "email_verified": false, "phone_verified": false}', 'email', '2024-12-05 01:03:57.298464+00', '2024-12-05 01:03:57.298532+00', '2024-12-05 01:03:57.298532+00', '1e56061e-3e25-4a4e-b1ff-b9ffbdb53093'),
	('829bce4c-b7f2-4cab-891b-20f3b96cdb74', '829bce4c-b7f2-4cab-891b-20f3b96cdb74', '{"bio": null, "sub": "829bce4c-b7f2-4cab-891b-20f3b96cdb74", "name": "Michael", "email": "michael@gmail.com", "avatar_url": null, "email_verified": false, "phone_verified": false}', 'email', '2024-12-05 21:57:42.459596+00', '2024-12-05 21:57:42.459647+00', '2024-12-05 21:57:42.459647+00', 'ccf40ace-9e73-44aa-9b84-9421b6f73323'),
	('299a6670-9693-4e46-ab18-b0c1be1cbd0f', '299a6670-9693-4e46-ab18-b0c1be1cbd0f', '{"bio": null, "sub": "299a6670-9693-4e46-ab18-b0c1be1cbd0f", "name": "Rick Sanchez", "email": "rick@gmail.com", "avatar_url": null, "email_verified": false, "phone_verified": false}', 'email', '2024-12-05 22:40:21.284585+00', '2024-12-05 22:40:21.284643+00', '2024-12-05 22:40:21.284643+00', 'd0ca0b6e-6ebb-40f9-b2c4-aa64dea6d18d'),
	('da93d358-3e06-42e0-8769-1bf02cdebd6d', 'da93d358-3e06-42e0-8769-1bf02cdebd6d', '{"bio": null, "sub": "da93d358-3e06-42e0-8769-1bf02cdebd6d", "name": "Mike", "email": "mike@gmail.com", "avatar_url": null, "email_verified": false, "phone_verified": false}', 'email', '2024-12-05 22:41:49.548124+00', '2024-12-05 22:41:49.548173+00', '2024-12-05 22:41:49.548173+00', '00dd2c4f-35d7-4cd2-b757-fd5d5e539463'),
	('8b134859-69ff-4b11-b6c4-92bfcbada0fe', '8b134859-69ff-4b11-b6c4-92bfcbada0fe', '{"bio": null, "sub": "8b134859-69ff-4b11-b6c4-92bfcbada0fe", "name": "Bart Barker", "email": "bart@gmail.com", "avatar_url": null, "email_verified": false, "phone_verified": false}', 'email', '2024-12-05 22:48:14.040608+00', '2024-12-05 22:48:14.040653+00', '2024-12-05 22:48:14.040653+00', '341b96c9-88b4-4af9-abf7-db8b42592acb'),
	('99f7447e-14f9-46aa-b85a-996526118062', '99f7447e-14f9-46aa-b85a-996526118062', '{"bio": null, "sub": "99f7447e-14f9-46aa-b85a-996526118062", "name": "John", "email": "john@gmail.com", "avatar_url": null, "email_verified": false, "phone_verified": false}', 'email', '2024-12-05 23:16:07.689752+00', '2024-12-05 23:16:07.689804+00', '2024-12-05 23:16:07.689804+00', '2511120d-2d79-4cd5-8539-3761cd7b9eee'),
	('97680bcf-f3b4-4565-a029-27739016345c', '97680bcf-f3b4-4565-a029-27739016345c', '{"bio": null, "sub": "97680bcf-f3b4-4565-a029-27739016345c", "name": "Megan", "email": "megan@gmail.com", "avatar_url": null, "email_verified": false, "phone_verified": false}', 'email', '2024-12-05 23:43:03.072893+00', '2024-12-05 23:43:03.072949+00', '2024-12-05 23:43:03.072949+00', '9baa29a3-95eb-4619-88aa-b98053a44cf8'),
	('38d0bae9-6280-4dfe-aa2e-8221fc0f2900', '38d0bae9-6280-4dfe-aa2e-8221fc0f2900', '{"bio": null, "sub": "38d0bae9-6280-4dfe-aa2e-8221fc0f2900", "name": "Yoly", "email": "yoly@gmail.com", "avatar_url": null, "email_verified": false, "phone_verified": false}', 'email', '2024-12-06 00:30:12.36742+00', '2024-12-06 00:30:12.367465+00', '2024-12-06 00:30:12.367465+00', 'c5929d8a-a0e0-46ec-ba61-01bea2190142'),
	('dd0e512b-a716-4ff7-b924-bfbef183039e', 'dd0e512b-a716-4ff7-b924-bfbef183039e', '{"bio": null, "sub": "dd0e512b-a716-4ff7-b924-bfbef183039e", "name": "Ryan The Cat", "email": "ryanthecat@gmail.com", "avatar_url": null, "email_verified": false, "phone_verified": false}', 'email', '2024-12-06 01:05:49.075095+00', '2024-12-06 01:05:49.075143+00', '2024-12-06 01:05:49.075143+00', '25ac9a30-4635-4727-a65d-534c510025df'),
	('0beb0045-c926-487b-b09a-0d72eaceb798', '0beb0045-c926-487b-b09a-0d72eaceb798', '{"bio": null, "sub": "0beb0045-c926-487b-b09a-0d72eaceb798", "name": "Morty", "email": "morty@gmail.com", "avatar_url": null, "email_verified": false, "phone_verified": false}', 'email', '2024-12-06 05:33:50.966744+00', '2024-12-06 05:33:50.966791+00', '2024-12-06 05:33:50.966791+00', '510e7a4c-b244-461e-872d-2300c03ecb12'),
	('9c54d794-ddc4-425b-bc31-9eabcc9edc4e', '9c54d794-ddc4-425b-bc31-9eabcc9edc4e', '{"bio": null, "sub": "9c54d794-ddc4-425b-bc31-9eabcc9edc4e", "name": "Louis Stephens", "email": "louis@gmail.com", "avatar_url": null, "email_verified": false, "phone_verified": false}', 'email', '2024-12-06 06:06:56.460432+00', '2024-12-06 06:06:56.460479+00', '2024-12-06 06:06:56.460479+00', 'c616853c-0df7-4df9-9d63-c5a4dfa06220'),
	('ac48cdc3-0dbd-4c26-bfd0-abc53fd89489', 'ac48cdc3-0dbd-4c26-bfd0-abc53fd89489', '{"bio": null, "sub": "ac48cdc3-0dbd-4c26-bfd0-abc53fd89489", "name": "Matthew Perry", "email": "matthew@gmail.com", "avatar_url": null, "email_verified": false, "phone_verified": false}', 'email', '2024-12-06 06:28:08.407362+00', '2024-12-06 06:28:08.407409+00', '2024-12-06 06:28:08.407409+00', '91e9cf02-1a88-4fb0-a1fc-e4f3a0e9d7c4'),
	('41c5f4a4-98ab-444a-a254-9af214c68b1f', '41c5f4a4-98ab-444a-a254-9af214c68b1f', '{"bio": null, "sub": "41c5f4a4-98ab-444a-a254-9af214c68b1f", "name": "Raven Symone", "email": "raven@gmail.com", "avatar_url": null, "email_verified": false, "phone_verified": false}', 'email', '2024-12-06 06:32:32.35305+00', '2024-12-06 06:32:32.353099+00', '2024-12-06 06:32:32.353099+00', 'e9b3a5d1-6326-4309-a90c-12e8c000e6c9'),
	('54f4aad0-5e28-4240-9fec-3fa35d93e26b', '54f4aad0-5e28-4240-9fec-3fa35d93e26b', '{"bio": null, "sub": "54f4aad0-5e28-4240-9fec-3fa35d93e26b", "name": "Summer", "email": "summer@gmail.com", "avatar_url": null, "email_verified": false, "phone_verified": false}', 'email', '2024-12-06 07:10:07.32051+00', '2024-12-06 07:10:07.320555+00', '2024-12-06 07:10:07.320555+00', '3d79b98d-ce4e-4b67-81d6-24a15bde845d'),
	('c7031ff6-9559-40b8-bcda-61464c7c734a', 'c7031ff6-9559-40b8-bcda-61464c7c734a', '{"bio": null, "sub": "c7031ff6-9559-40b8-bcda-61464c7c734a", "name": "Ruby", "email": "ruby@gmail.com", "avatar_url": null, "email_verified": false, "phone_verified": false}', 'email', '2024-12-06 18:08:04.745134+00', '2024-12-06 18:08:04.745203+00', '2024-12-06 18:08:04.745203+00', 'a38d77a2-0667-482c-89a6-34f7a6b78491'),
	('17778f1f-7013-4485-8b0b-d8cbaca339cc', '17778f1f-7013-4485-8b0b-d8cbaca339cc', '{"bio": null, "sub": "17778f1f-7013-4485-8b0b-d8cbaca339cc", "name": "Goofy", "email": "goofy@gmail.com", "avatar_url": null, "email_verified": false, "phone_verified": false}', 'email', '2024-12-06 18:20:23.722882+00', '2024-12-06 18:20:23.722928+00', '2024-12-06 18:20:23.722928+00', '8a18040e-a37c-4060-8fca-37bb92940912'),
	('ebf4d8fc-4f39-4707-9e07-d1f3c68dabb0', 'ebf4d8fc-4f39-4707-9e07-d1f3c68dabb0', '{"bio": null, "sub": "ebf4d8fc-4f39-4707-9e07-d1f3c68dabb0", "name": "Jack", "email": "jack@gmail.com", "avatar_url": null, "email_verified": false, "phone_verified": false}', 'email', '2024-12-06 18:41:49.483123+00', '2024-12-06 18:41:49.483182+00', '2024-12-06 18:41:49.483182+00', '7dbf16f1-762d-43e4-a59f-ea96fe268c18'),
	('728f0682-86ca-4c78-a921-e59e8eb4b779', '728f0682-86ca-4c78-a921-e59e8eb4b779', '{"bio": null, "sub": "728f0682-86ca-4c78-a921-e59e8eb4b779", "name": "Candy", "email": "candy@gmail.com", "avatar_url": null, "email_verified": false, "phone_verified": false}', 'email', '2024-12-06 18:49:42.414607+00', '2024-12-06 18:49:42.414654+00', '2024-12-06 18:49:42.414654+00', 'dc256e61-95d2-42ac-848b-cde4ef29973e'),
	('39292e4e-83a9-4a1f-80a9-9b1d814a1fba', '39292e4e-83a9-4a1f-80a9-9b1d814a1fba', '{"bio": null, "sub": "39292e4e-83a9-4a1f-80a9-9b1d814a1fba", "name": "Roger", "email": "roger@gmail.com", "avatar_url": null, "email_verified": false, "phone_verified": false}', 'email', '2024-12-06 18:52:10.080355+00', '2024-12-06 18:52:10.0804+00', '2024-12-06 18:52:10.0804+00', '89832fc6-de7e-4c94-9828-a419fe5a5e66'),
	('510ad148-d59d-4dcf-911f-5467d131c644', '510ad148-d59d-4dcf-911f-5467d131c644', '{"bio": null, "sub": "510ad148-d59d-4dcf-911f-5467d131c644", "name": "Bethany", "email": "bethany@gmail.com", "avatar_url": null, "email_verified": false, "phone_verified": false}', 'email', '2024-12-06 19:19:58.597085+00', '2024-12-06 19:19:58.597134+00', '2024-12-06 19:19:58.597134+00', '1ffcdeae-5e88-429e-a4c4-8835e71c0f0e'),
	('e211035b-c79f-4049-862e-3a4c60810939', 'e211035b-c79f-4049-862e-3a4c60810939', '{"bio": null, "sub": "e211035b-c79f-4049-862e-3a4c60810939", "name": "Molly Simpson", "email": "molly@gmail.com", "avatar_url": null, "email_verified": false, "phone_verified": false}', 'email', '2024-12-06 20:14:12.23482+00', '2024-12-06 20:14:12.234867+00', '2024-12-06 20:14:12.234867+00', 'fb219072-519f-4931-bd65-9ec5b2ac5993'),
	('13023665-71f0-46ab-93e8-139791f4ba6e', '13023665-71f0-46ab-93e8-139791f4ba6e', '{"bio": null, "sub": "13023665-71f0-46ab-93e8-139791f4ba6e", "name": "Ollie", "email": "ollie@gmail.com", "avatar_url": null, "email_verified": false, "phone_verified": false}', 'email', '2024-12-07 00:22:39.453915+00', '2024-12-07 00:22:39.453976+00', '2024-12-07 00:22:39.453976+00', 'd185a652-013d-4655-bf6c-0c3e0cdaf3bc'),
	('c5c879b5-edcb-4b5a-a06a-6b0aa38e9cd9', 'c5c879b5-edcb-4b5a-a06a-6b0aa38e9cd9', '{"bio": null, "sub": "c5c879b5-edcb-4b5a-a06a-6b0aa38e9cd9", "name": "Romeo Miller", "email": "romeo@gmail.com", "avatar_url": null, "email_verified": false, "phone_verified": false}', 'email', '2024-12-07 00:58:05.536299+00', '2024-12-07 00:58:05.536349+00', '2024-12-07 00:58:05.536349+00', 'a18bbb29-f5a8-45ab-9ad1-bbb7a0365ac2'),
	('47a40492-97b7-45f3-9fd7-ad6f48454c5f', '47a40492-97b7-45f3-9fd7-ad6f48454c5f', '{"bio": null, "sub": "47a40492-97b7-45f3-9fd7-ad6f48454c5f", "name": "Butters", "email": "butters@gmail.com", "avatar_url": null, "email_verified": false, "phone_verified": false}', 'email', '2024-12-07 01:36:07.947145+00', '2024-12-07 01:36:07.947192+00', '2024-12-07 01:36:07.947192+00', 'c0046dc5-507e-4281-a3c7-8ede6e362e1a'),
	('bb37a041-9d88-49d6-9357-16815ea6c83e', 'bb37a041-9d88-49d6-9357-16815ea6c83e', '{"bio": null, "sub": "bb37a041-9d88-49d6-9357-16815ea6c83e", "name": "Benson Anderson", "email": "benson@gmail.com", "avatar_url": null, "email_verified": false, "phone_verified": false}', 'email', '2024-12-07 05:34:01.540824+00', '2024-12-07 05:34:01.540872+00', '2024-12-07 05:34:01.540872+00', '987559da-6f1c-4016-9af4-13302565fc45'),
	('eb525018-3d73-4bf1-a7cb-a8960efa3098', 'eb525018-3d73-4bf1-a7cb-a8960efa3098', '{"sub": "eb525018-3d73-4bf1-a7cb-a8960efa3098", "email": "maloryjohnson@gmail.com", "email_verified": false, "phone_verified": false}', 'email', '2024-12-07 07:22:23.023799+00', '2024-12-07 07:22:23.023856+00', '2024-12-07 07:22:23.023856+00', 'ecd2c7b9-f4db-43a3-9542-1ee98cf809ef'),
	('795a49c3-96bc-41eb-b705-650559e2177b', '795a49c3-96bc-41eb-b705-650559e2177b', '{"sub": "795a49c3-96bc-41eb-b705-650559e2177b", "email": "magicjohnson@gmail.com", "email_verified": false, "phone_verified": false}', 'email', '2024-12-07 08:17:24.760933+00', '2024-12-07 08:17:24.760983+00', '2024-12-07 08:17:24.760983+00', '0e36384a-2f24-4f0e-bb61-6b5a6b68a17b'),
	('76691c90-7ab6-4410-8bcc-1c9e0e05495a', '76691c90-7ab6-4410-8bcc-1c9e0e05495a', '{"sub": "76691c90-7ab6-4410-8bcc-1c9e0e05495a", "email": "joker@gmail.com", "email_verified": false, "phone_verified": false}', 'email', '2024-12-07 16:52:23.994883+00', '2024-12-07 16:52:23.994931+00', '2024-12-07 16:52:23.994931+00', 'ba8a8b40-512e-421c-b982-588918b7014d'),
	('c06a3e2c-681a-42ba-a587-0a8bd363eac7', 'c06a3e2c-681a-42ba-a587-0a8bd363eac7', '{"sub": "c06a3e2c-681a-42ba-a587-0a8bd363eac7", "email": "homer@gmail.com", "email_verified": false, "phone_verified": false}', 'email', '2024-12-07 17:23:48.242766+00', '2024-12-07 17:23:48.24281+00', '2024-12-07 17:23:48.24281+00', '4afb5553-ba82-4b19-979a-ab3f046a7739'),
	('77224d79-f9da-4b14-bb55-4bbfd4d25188', '77224d79-f9da-4b14-bb55-4bbfd4d25188', '{"sub": "77224d79-f9da-4b14-bb55-4bbfd4d25188", "email": "marge@gmail.com", "email_verified": false, "phone_verified": false}', 'email', '2024-12-07 17:26:07.318003+00', '2024-12-07 17:26:07.318049+00', '2024-12-07 17:26:07.318049+00', '966d064a-5d51-4c8c-a967-9ca11c468f4e'),
	('104dd065-416e-4ea5-ae0f-1221d5c35252', '104dd065-416e-4ea5-ae0f-1221d5c35252', '{"sub": "104dd065-416e-4ea5-ae0f-1221d5c35252", "email": "ginger@gmail.com", "email_verified": false, "phone_verified": false}', 'email', '2024-12-10 17:42:09.316205+00', '2024-12-10 17:42:09.316273+00', '2024-12-10 17:42:09.316273+00', 'f175a0e3-447d-4542-8c58-513d02e188db');


--
-- Data for Name: instances; Type: TABLE DATA; Schema: auth; Owner: supabase_auth_admin
--



--
-- Data for Name: sessions; Type: TABLE DATA; Schema: auth; Owner: supabase_auth_admin
--

INSERT INTO "auth"."sessions" ("id", "user_id", "created_at", "updated_at", "factor_id", "aal", "not_after", "refreshed_at", "user_agent", "ip", "tag") VALUES
	('e29c6766-8388-406d-bce5-61adf3a57301', 'aa67aae6-a19a-4001-8422-8b1f49709153', '2024-12-04 01:05:09.222636+00', '2024-12-04 01:05:09.222636+00', NULL, 'aal1', NULL, NULL, 'Mozilla/5.0 (Macintosh; Intel Mac OS X 10_15_7) AppleWebKit/537.36 (KHTML, like Gecko) Chrome/130.0.0.0 Safari/537.36', '174.193.130.111', NULL),
	('bffac7f5-1e91-42e2-a9ae-e5b54670babf', 'aa67aae6-a19a-4001-8422-8b1f49709153', '2024-12-04 01:05:32.842044+00', '2024-12-04 01:05:32.842044+00', NULL, 'aal1', NULL, NULL, 'Mozilla/5.0 (Linux; Android 6.0; Nexus 5 Build/MRA58N) AppleWebKit/537.36 (KHTML, like Gecko) Chrome/130.0.0.0 Mobile Safari/537.36', '174.193.130.111', NULL),
	('1d3cda0c-c77c-4ad0-ab85-f41d594543c6', 'aa67aae6-a19a-4001-8422-8b1f49709153', '2024-12-04 01:05:42.44798+00', '2024-12-04 01:05:42.44798+00', NULL, 'aal1', NULL, NULL, 'Mozilla/5.0 (Macintosh; Intel Mac OS X 10_15_7) AppleWebKit/537.36 (KHTML, like Gecko) Chrome/130.0.0.0 Safari/537.36', '174.193.130.111', NULL),
	('a560a3b6-21bb-4c2a-ba98-a7e3de28543f', 'aa67aae6-a19a-4001-8422-8b1f49709153', '2024-12-04 01:06:11.923471+00', '2024-12-04 01:06:11.923471+00', NULL, 'aal1', NULL, NULL, 'Mozilla/5.0 (Linux; Android 6.0; Nexus 5 Build/MRA58N) AppleWebKit/537.36 (KHTML, like Gecko) Chrome/130.0.0.0 Mobile Safari/537.36', '174.193.130.111', NULL),
	('c846470d-b726-452f-9fce-8e7bf556dbad', 'fec6c6d9-09f0-42be-8688-6a48f9eb7509', '2024-12-04 01:15:01.824507+00', '2024-12-04 01:15:01.824507+00', NULL, 'aal1', NULL, NULL, 'Mozilla/5.0 (Macintosh; Intel Mac OS X 10_15_7) AppleWebKit/537.36 (KHTML, like Gecko) Chrome/130.0.0.0 Safari/537.36', '174.193.130.111', NULL),
	('022a956c-c12d-49e1-9fca-2a5f56e83221', '6f66fc06-42c5-42af-a60b-d01b40bba13c', '2024-12-04 01:17:09.817558+00', '2024-12-04 01:17:09.817558+00', NULL, 'aal1', NULL, NULL, 'Mozilla/5.0 (Macintosh; Intel Mac OS X 10_15_7) AppleWebKit/537.36 (KHTML, like Gecko) Chrome/130.0.0.0 Safari/537.36', '174.193.130.111', NULL),
	('880cbf64-da9e-4b56-aee1-281aca2d8350', 'a53da0a9-3fff-4e59-83b1-4466c348a752', '2024-12-04 01:20:15.19084+00', '2024-12-04 01:20:15.19084+00', NULL, 'aal1', NULL, NULL, 'Mozilla/5.0 (Macintosh; Intel Mac OS X 10_15_7) AppleWebKit/537.36 (KHTML, like Gecko) Chrome/130.0.0.0 Safari/537.36', '174.193.130.111', NULL),
	('2c398d31-9e9d-4584-aad9-81113cc9a585', 'a53da0a9-3fff-4e59-83b1-4466c348a752', '2024-12-04 01:20:23.625072+00', '2024-12-04 01:20:23.625072+00', NULL, 'aal1', NULL, NULL, 'Mozilla/5.0 (Macintosh; Intel Mac OS X 10_15_7) AppleWebKit/537.36 (KHTML, like Gecko) Chrome/130.0.0.0 Safari/537.36', '174.193.130.111', NULL),
	('29dccb67-4333-489a-aee8-c521ff8273be', 'aa67aae6-a19a-4001-8422-8b1f49709153', '2024-12-04 01:24:38.513242+00', '2024-12-04 01:24:38.513242+00', NULL, 'aal1', NULL, NULL, 'Mozilla/5.0 (Macintosh; Intel Mac OS X 10_15_7) AppleWebKit/537.36 (KHTML, like Gecko) Chrome/130.0.0.0 Safari/537.36', '174.193.130.111', NULL),
	('e5ecc55f-630d-4e9a-a791-ffaf970859f1', '4f93d31d-f4c0-4362-a3a9-93347c14c2fd', '2024-12-04 01:24:55.491381+00', '2024-12-04 01:24:55.491381+00', NULL, 'aal1', NULL, NULL, 'Mozilla/5.0 (Macintosh; Intel Mac OS X 10_15_7) AppleWebKit/537.36 (KHTML, like Gecko) Chrome/130.0.0.0 Safari/537.36', '174.193.130.111', NULL),
	('14bb1197-09b8-4a93-b31a-b7fb8ff95e7a', 'aa67aae6-a19a-4001-8422-8b1f49709153', '2024-12-04 01:27:03.404533+00', '2024-12-04 01:27:03.404533+00', NULL, 'aal1', NULL, NULL, 'Mozilla/5.0 (Macintosh; Intel Mac OS X 10_15_7) AppleWebKit/537.36 (KHTML, like Gecko) Chrome/130.0.0.0 Safari/537.36', '174.193.130.111', NULL),
	('7d3e4e49-f367-4fd7-aa0c-cc06849c6288', '32237bd3-7c5c-49b6-a8e9-ed009b530387', '2024-12-04 01:27:25.974622+00', '2024-12-04 01:27:25.974622+00', NULL, 'aal1', NULL, NULL, 'Mozilla/5.0 (Macintosh; Intel Mac OS X 10_15_7) AppleWebKit/537.36 (KHTML, like Gecko) Chrome/130.0.0.0 Safari/537.36', '174.193.130.111', NULL),
	('fa182c55-957e-47a4-a336-412b6969c969', 'b80117b6-4a0f-4eee-b636-b4c68f57d695', '2024-12-04 01:28:36.724771+00', '2024-12-04 01:28:36.724771+00', NULL, 'aal1', NULL, NULL, 'Mozilla/5.0 (Linux; Android 6.0; Nexus 5 Build/MRA58N) AppleWebKit/537.36 (KHTML, like Gecko) Chrome/130.0.0.0 Mobile Safari/537.36', '174.193.130.111', NULL),
	('1fad2e95-14e6-4357-8939-cc117baa643e', '38e7f4a4-8c41-45bc-9b2c-af2138a3388c', '2024-12-04 01:30:45.518435+00', '2024-12-04 01:30:45.518435+00', NULL, 'aal1', NULL, NULL, 'Mozilla/5.0 (Linux; Android 6.0; Nexus 5 Build/MRA58N) AppleWebKit/537.36 (KHTML, like Gecko) Chrome/130.0.0.0 Mobile Safari/537.36', '174.193.130.111', NULL),
	('2b6060b5-1bb4-4fcf-ae43-f95635eff1ac', '8fd59e35-4e4f-423f-bdfd-c7b34e9fea46', '2024-12-04 01:32:42.42334+00', '2024-12-04 01:32:42.42334+00', NULL, 'aal1', NULL, NULL, 'Mozilla/5.0 (Linux; Android 6.0; Nexus 5 Build/MRA58N) AppleWebKit/537.36 (KHTML, like Gecko) Chrome/130.0.0.0 Mobile Safari/537.36', '174.193.130.111', NULL),
	('639e2994-179f-4c45-aba0-fd67c017e262', '8fd59e35-4e4f-423f-bdfd-c7b34e9fea46', '2024-12-04 01:32:42.643761+00', '2024-12-04 01:32:43.014167+00', NULL, 'aal1', NULL, '2024-12-04 01:32:43.013912', 'Mozilla/5.0 (Linux; Android 6.0; Nexus 5 Build/MRA58N) AppleWebKit/537.36 (KHTML, like Gecko) Chrome/130.0.0.0 Mobile Safari/537.36', '174.193.130.111', NULL),
	('ea4b4f45-e4d7-4864-a1b1-4064a68fb88b', '97680bcf-f3b4-4565-a029-27739016345c', '2024-12-06 02:23:44.181113+00', '2024-12-06 05:28:30.46557+00', NULL, 'aal1', NULL, '2024-12-06 05:28:30.465498', 'Mozilla/5.0 (Macintosh; Intel Mac OS X 10_15_7) AppleWebKit/537.36 (KHTML, like Gecko) Chrome/130.0.0.0 Safari/537.36', '172.113.35.8', NULL),
	('9b901193-0485-4583-a6c0-126002beda22', '9c54d794-ddc4-425b-bc31-9eabcc9edc4e', '2024-12-06 06:06:56.468267+00', '2024-12-06 06:06:56.468267+00', NULL, 'aal1', NULL, NULL, 'Mozilla/5.0 (Macintosh; Intel Mac OS X 10_15_7) AppleWebKit/537.36 (KHTML, like Gecko) Chrome/130.0.0.0 Safari/537.36', '172.113.35.8', NULL),
	('ce295184-bdd4-4b20-a900-c72b032ff621', '9c54d794-ddc4-425b-bc31-9eabcc9edc4e', '2024-12-06 06:27:06.424832+00', '2024-12-06 06:27:06.424832+00', NULL, 'aal1', NULL, NULL, 'Mozilla/5.0 (Macintosh; Intel Mac OS X 10_15_7) AppleWebKit/537.36 (KHTML, like Gecko) Chrome/130.0.0.0 Safari/537.36', '172.113.35.8', NULL),
	('fffdfab3-c49f-4dfa-a43b-02e5ebd68dae', '39292e4e-83a9-4a1f-80a9-9b1d814a1fba', '2024-12-12 18:06:31.963146+00', '2024-12-12 22:21:05.618356+00', NULL, 'aal1', NULL, '2024-12-12 22:21:05.618288', 'Mozilla/5.0 (iPhone; CPU iPhone OS 18_2 like Mac OS X) AppleWebKit/605.1.15 (KHTML, like Gecko) Version/18.2 Mobile/15E148 Safari/604.1', '104.28.85.116', NULL),
	('c15d7fad-6da8-4848-bc31-dee73b7e9551', '0beb0045-c926-487b-b09a-0d72eaceb798', '2024-12-06 06:56:21.561925+00', '2024-12-06 06:56:21.561925+00', NULL, 'aal1', NULL, NULL, 'Mozilla/5.0 (Linux; Android 6.0; Nexus 5 Build/MRA58N) AppleWebKit/537.36 (KHTML, like Gecko) Chrome/130.0.0.0 Mobile Safari/537.36', '172.113.35.8', NULL),
	('4662fef6-8d32-4edb-a8a7-13e881c9a467', '41c5f4a4-98ab-444a-a254-9af214c68b1f', '2024-12-06 07:09:24.647637+00', '2024-12-06 07:09:24.647637+00', NULL, 'aal1', NULL, NULL, 'Mozilla/5.0 (Macintosh; Intel Mac OS X 10_15_7) AppleWebKit/537.36 (KHTML, like Gecko) Chrome/130.0.0.0 Safari/537.36', '172.113.35.8', NULL),
	('57e3739c-5199-403b-ae1d-f71a4e5b27c3', '6e77e7d1-53cf-4043-adc6-7a81f16066f5', '2024-12-06 07:18:12.771554+00', '2024-12-06 18:07:08.592451+00', NULL, 'aal1', NULL, '2024-12-06 18:07:08.58991', 'Mozilla/5.0 (Macintosh; Intel Mac OS X 10_15_7) AppleWebKit/537.36 (KHTML, like Gecko) Chrome/130.0.0.0 Safari/537.36', '172.113.35.8', NULL),
	('bb8aeeab-7bb9-43d2-988e-670ac9a2a8e9', 'aa67aae6-a19a-4001-8422-8b1f49709153', '2024-12-05 03:56:01.521647+00', '2024-12-05 05:08:38.789146+00', NULL, 'aal1', NULL, '2024-12-05 05:08:38.789079', 'Vercel Edge Functions', '2a06:98c0:3600::103', NULL),
	('53e9a0eb-511b-4434-bf6a-e735dbf91d5b', '98e33685-9906-4120-8a74-a020641403d0', '2024-12-04 20:13:29.133572+00', '2024-12-05 00:56:49.561501+00', NULL, 'aal1', NULL, '2024-12-05 00:56:49.561408', 'Next.js Middleware', '172.113.35.8', NULL),
	('d059d856-a29b-4c8c-9cce-a7cf577c02fe', '0beb0045-c926-487b-b09a-0d72eaceb798', '2024-12-06 19:19:33.086951+00', '2024-12-06 19:19:33.086951+00', NULL, 'aal1', NULL, NULL, 'Mozilla/5.0 (Macintosh; Intel Mac OS X 10_15_7) AppleWebKit/537.36 (KHTML, like Gecko) Chrome/130.0.0.0 Safari/537.36', '172.113.35.8', NULL),
	('e41c81e5-3686-4a72-a435-0559fb09f1a4', '510ad148-d59d-4dcf-911f-5467d131c644', '2024-12-06 19:19:58.606061+00', '2024-12-06 19:19:58.606061+00', NULL, 'aal1', NULL, NULL, 'Mozilla/5.0 (Macintosh; Intel Mac OS X 10_15_7) AppleWebKit/537.36 (KHTML, like Gecko) Chrome/130.0.0.0 Safari/537.36', '172.113.35.8', NULL),
	('118ab28c-bea9-4168-aec0-0081d9131b23', 'dd0e512b-a716-4ff7-b924-bfbef183039e', '2024-12-06 01:05:49.082461+00', '2024-12-06 02:06:49.006728+00', NULL, 'aal1', NULL, '2024-12-06 02:06:49.006658', 'Next.js Middleware', '172.113.35.8', NULL),
	('c5c1b174-97ad-4d49-9516-af697cd5e89e', '97680bcf-f3b4-4565-a029-27739016345c', '2024-12-06 02:06:21.491572+00', '2024-12-06 04:34:15.896767+00', NULL, 'aal1', NULL, '2024-12-06 04:34:15.896697', 'Mozilla/5.0 (Macintosh; Intel Mac OS X 10_15_7) AppleWebKit/537.36 (KHTML, like Gecko) Chrome/130.0.0.0 Safari/537.36', '172.113.35.8', NULL),
	('8e95a42a-c3fa-4734-86dc-7bd71e0f29c8', 'dd0e512b-a716-4ff7-b924-bfbef183039e', '2024-12-06 01:55:25.425559+00', '2024-12-06 04:55:01.844866+00', NULL, 'aal1', NULL, '2024-12-06 04:55:01.844787', 'Vercel Edge Functions', '2a06:98c0:3600::103', NULL),
	('91b4f39d-9c3a-4d28-a731-64b8a79ed076', '39292e4e-83a9-4a1f-80a9-9b1d814a1fba', '2024-12-12 01:18:35.97105+00', '2024-12-12 22:45:51.027136+00', NULL, 'aal1', NULL, '2024-12-12 22:45:51.027064', 'Mozilla/5.0 (Macintosh; Intel Mac OS X 10_15_7) AppleWebKit/537.36 (KHTML, like Gecko) Chrome/130.0.0.0 Safari/537.36', '172.113.35.8', NULL),
	('81ee3ead-1d8b-4bee-bcb5-769d59eac590', '39292e4e-83a9-4a1f-80a9-9b1d814a1fba', '2024-12-12 22:47:41.486675+00', '2024-12-12 22:47:41.486675+00', NULL, 'aal1', NULL, NULL, 'Mozilla/5.0 (Macintosh; Intel Mac OS X 10_15_7) AppleWebKit/605.1.15 (KHTML, like Gecko) Version/18.0 Safari/605.1.15', '172.113.35.8', NULL),
	('1265315e-d8f6-4ced-bfe7-bea7fae01474', 'c5c879b5-edcb-4b5a-a06a-6b0aa38e9cd9', '2024-12-07 01:32:46.312432+00', '2024-12-07 01:32:46.312432+00', NULL, 'aal1', NULL, NULL, 'Mozilla/5.0 (Macintosh; Intel Mac OS X 10_15_7) AppleWebKit/537.36 (KHTML, like Gecko) Chrome/130.0.0.0 Safari/537.36', '172.113.35.8', NULL),
	('2efc6e3c-5e0c-4f38-a9c4-de3b2bd4f806', '47a40492-97b7-45f3-9fd7-ad6f48454c5f', '2024-12-07 01:36:07.953092+00', '2024-12-07 01:36:07.953092+00', NULL, 'aal1', NULL, NULL, 'Mozilla/5.0 (Macintosh; Intel Mac OS X 10_15_7) AppleWebKit/537.36 (KHTML, like Gecko) Chrome/130.0.0.0 Safari/537.36', '172.113.35.8', NULL);


--
-- Data for Name: mfa_amr_claims; Type: TABLE DATA; Schema: auth; Owner: supabase_auth_admin
--

INSERT INTO "auth"."mfa_amr_claims" ("session_id", "created_at", "updated_at", "authentication_method", "id") VALUES
	('e29c6766-8388-406d-bce5-61adf3a57301', '2024-12-04 01:05:09.23166+00', '2024-12-04 01:05:09.23166+00', 'password', '16448651-c526-46a0-9631-1824731a45c0'),
	('bffac7f5-1e91-42e2-a9ae-e5b54670babf', '2024-12-04 01:05:32.844017+00', '2024-12-04 01:05:32.844017+00', 'password', 'f148f1b4-d761-4c9f-86a4-eb3e51d90bf4'),
	('1d3cda0c-c77c-4ad0-ab85-f41d594543c6', '2024-12-04 01:05:42.449804+00', '2024-12-04 01:05:42.449804+00', 'password', '6d55beb7-cf18-4c51-8869-1412295a7d8f'),
	('a560a3b6-21bb-4c2a-ba98-a7e3de28543f', '2024-12-04 01:06:11.925388+00', '2024-12-04 01:06:11.925388+00', 'password', '1f156547-2b08-4458-a3bb-88c22c05a08a'),
	('c846470d-b726-452f-9fce-8e7bf556dbad', '2024-12-04 01:15:01.838028+00', '2024-12-04 01:15:01.838028+00', 'password', '8e66e384-580c-420a-9bf5-2b76cedae94a'),
	('022a956c-c12d-49e1-9fca-2a5f56e83221', '2024-12-04 01:17:09.820723+00', '2024-12-04 01:17:09.820723+00', 'password', '09bb4fea-75b0-4f23-9b44-7759ad0db7cf'),
	('880cbf64-da9e-4b56-aee1-281aca2d8350', '2024-12-04 01:20:15.193406+00', '2024-12-04 01:20:15.193406+00', 'password', '44886ad6-b18a-4fea-bb67-e33dfb01e4bc'),
	('2c398d31-9e9d-4584-aad9-81113cc9a585', '2024-12-04 01:20:23.626944+00', '2024-12-04 01:20:23.626944+00', 'password', 'dccb5a10-2d3f-4882-ab92-7a6c7978824f'),
	('29dccb67-4333-489a-aee8-c521ff8273be', '2024-12-04 01:24:38.517855+00', '2024-12-04 01:24:38.517855+00', 'password', 'e9f325e3-5dd1-4fd0-afe7-b111e1673560'),
	('e5ecc55f-630d-4e9a-a791-ffaf970859f1', '2024-12-04 01:24:55.493581+00', '2024-12-04 01:24:55.493581+00', 'password', 'ced2089a-d151-4038-a501-2b837ec3cd1d'),
	('14bb1197-09b8-4a93-b31a-b7fb8ff95e7a', '2024-12-04 01:27:03.407361+00', '2024-12-04 01:27:03.407361+00', 'password', '4b8b1fde-1548-41de-9519-09baad0a17de'),
	('7d3e4e49-f367-4fd7-aa0c-cc06849c6288', '2024-12-04 01:27:25.976403+00', '2024-12-04 01:27:25.976403+00', 'password', 'cce0c7ba-3358-4958-896d-6d959e49e37c'),
	('fa182c55-957e-47a4-a336-412b6969c969', '2024-12-04 01:28:36.727384+00', '2024-12-04 01:28:36.727384+00', 'password', '1966472e-2980-4a17-8d56-a7be67228acf'),
	('1fad2e95-14e6-4357-8939-cc117baa643e', '2024-12-04 01:30:45.522438+00', '2024-12-04 01:30:45.522438+00', 'password', '6b9e78e3-6cf8-4c79-8c2e-9365733b7772'),
	('2b6060b5-1bb4-4fcf-ae43-f95635eff1ac', '2024-12-04 01:32:42.427+00', '2024-12-04 01:32:42.427+00', 'password', '6c11c102-4c66-437f-906b-1b412437ffb6'),
	('639e2994-179f-4c45-aba0-fd67c017e262', '2024-12-04 01:32:42.645717+00', '2024-12-04 01:32:42.645717+00', 'password', '450014c1-da84-492e-8bbe-16558036d96f'),
	('ce295184-bdd4-4b20-a900-c72b032ff621', '2024-12-06 06:27:06.43134+00', '2024-12-06 06:27:06.43134+00', 'password', 'cfb41284-1e61-4ce9-b207-4fa2e5d58a0d'),
	('c15d7fad-6da8-4848-bc31-dee73b7e9551', '2024-12-06 06:56:21.567707+00', '2024-12-06 06:56:21.567707+00', 'password', '0d13fb6c-4f9d-4060-a1d5-e724eede015e'),
	('4662fef6-8d32-4edb-a8a7-13e881c9a467', '2024-12-06 07:09:24.650587+00', '2024-12-06 07:09:24.650587+00', 'password', 'fdd65c77-03cf-4280-a733-dc68bba025f1'),
	('57e3739c-5199-403b-ae1d-f71a4e5b27c3', '2024-12-06 07:18:12.774512+00', '2024-12-06 07:18:12.774512+00', 'password', 'de5a1ff4-74cd-4a29-ae9b-74134ee3ad8e'),
	('53e9a0eb-511b-4434-bf6a-e735dbf91d5b', '2024-12-04 20:13:29.150313+00', '2024-12-04 20:13:29.150313+00', 'password', '39bdac51-d843-428f-90f8-7a1713571bb5'),
	('bb8aeeab-7bb9-43d2-988e-670ac9a2a8e9', '2024-12-05 03:56:01.524528+00', '2024-12-05 03:56:01.524528+00', 'password', '8cfcfb2b-30c3-433c-a53e-4e0a2160cefe'),
	('d059d856-a29b-4c8c-9cce-a7cf577c02fe', '2024-12-06 19:19:33.088801+00', '2024-12-06 19:19:33.088801+00', 'password', 'f2cd2117-0aa5-4e1f-bc80-2532208f2a3f'),
	('e41c81e5-3686-4a72-a435-0559fb09f1a4', '2024-12-06 19:19:58.609974+00', '2024-12-06 19:19:58.609974+00', 'password', '40e3be05-3bce-42e6-a3bf-fd90246af0f1'),
	('1265315e-d8f6-4ced-bfe7-bea7fae01474', '2024-12-07 01:32:46.314503+00', '2024-12-07 01:32:46.314503+00', 'password', '0ccdb022-b320-4053-8cc9-270bab216941'),
	('2efc6e3c-5e0c-4f38-a9c4-de3b2bd4f806', '2024-12-07 01:36:07.956265+00', '2024-12-07 01:36:07.956265+00', 'password', '6b095482-9dab-4222-8064-f595c11e37ef'),
	('118ab28c-bea9-4168-aec0-0081d9131b23', '2024-12-06 01:05:49.084719+00', '2024-12-06 01:05:49.084719+00', 'password', 'a004be53-75a2-4e76-98e1-bb5c698ef926'),
	('8e95a42a-c3fa-4734-86dc-7bd71e0f29c8', '2024-12-06 01:55:25.428418+00', '2024-12-06 01:55:25.428418+00', 'password', '7f32a757-c687-4e02-849e-92f7aef2cf54'),
	('c5c1b174-97ad-4d49-9516-af697cd5e89e', '2024-12-06 02:06:21.493495+00', '2024-12-06 02:06:21.493495+00', 'password', 'bca107c0-c58e-4c0b-ad2a-ee28493f25ce'),
	('ea4b4f45-e4d7-4864-a1b1-4064a68fb88b', '2024-12-06 02:23:44.183914+00', '2024-12-06 02:23:44.183914+00', 'password', '8dbc4e65-cc0c-4123-980b-3597e5b9dba0'),
	('9b901193-0485-4583-a6c0-126002beda22', '2024-12-06 06:06:56.471628+00', '2024-12-06 06:06:56.471628+00', 'password', 'b88e1cee-ecad-42c2-b250-f6ae638aea58'),
	('91b4f39d-9c3a-4d28-a731-64b8a79ed076', '2024-12-12 01:18:35.972897+00', '2024-12-12 01:18:35.972897+00', 'password', 'a9605390-35eb-4d3f-887b-352815083ab5'),
	('fffdfab3-c49f-4dfa-a43b-02e5ebd68dae', '2024-12-12 18:06:31.971306+00', '2024-12-12 18:06:31.971306+00', 'password', '0ffb7735-f9e8-42d4-9223-b347b71a5478'),
	('81ee3ead-1d8b-4bee-bcb5-769d59eac590', '2024-12-12 22:47:41.495417+00', '2024-12-12 22:47:41.495417+00', 'password', '93822916-cd62-49bd-950d-dd8e71ba8424');


--
-- Data for Name: mfa_factors; Type: TABLE DATA; Schema: auth; Owner: supabase_auth_admin
--



--
-- Data for Name: mfa_challenges; Type: TABLE DATA; Schema: auth; Owner: supabase_auth_admin
--



--
-- Data for Name: one_time_tokens; Type: TABLE DATA; Schema: auth; Owner: supabase_auth_admin
--

INSERT INTO "auth"."one_time_tokens" ("id", "user_id", "token_type", "token_hash", "relates_to", "created_at", "updated_at") VALUES
	('7eb48d1d-9088-4dd6-82d4-9b261f160905', '8574d351-88bf-4b65-9e82-20029e8cb725', 'confirmation_token', '438326caa759dc1d1886c317a397d37ce61bd1622bf0517fd1264146', 'jonathantbenn@gmail.com', '2024-12-03 23:30:02.600427', '2024-12-03 23:30:02.600427'),
	('8d37655d-48dd-4a11-8082-a4010436bbfa', '49510c1a-6ea7-428f-9743-eeddacf528dd', 'confirmation_token', '894e2d1cd6ef9b9285fd22050d4aa51d964b6c59b28dd55ee04a87da', 'bonjennprojects@gmail.com', '2024-12-03 23:33:02.207778', '2024-12-03 23:33:02.207778'),
	('1dcb4676-764e-4f24-b217-ea5a71732376', '9a581da5-bfea-47bc-87ef-3873a112a250', 'confirmation_token', 'd010db07c830268d61692ab96d85268b6ee24becd77e935b9241c03b', 'fckformfitness@gmail.com', '2024-12-03 23:36:12.486382', '2024-12-03 23:36:12.486382'),
	('e6e404ac-e927-4802-892a-b734b9c438ba', 'a4f3d1e7-9648-459b-8ac9-a957560a9f65', 'confirmation_token', 'bf77a902a09c2d599fde5ad394c09a857ebfa7ba5a669bc9953f0468', 'adobehousevideos@gmail.com', '2024-12-03 23:38:56.354291', '2024-12-03 23:38:56.354291'),
	('57c12fac-f819-40ff-b131-f1a4e61f2960', '809663d2-bedf-40b4-af5e-2beb5a93adf8', 'confirmation_token', 'fe8680450d0f3fcddc0817bbc2641cd3d098cc9e9c571ebac7b97ba8', 'kanyewest@gmail.com', '2024-12-03 23:40:52.354332', '2024-12-03 23:40:52.354332'),
	('4e030da9-4e4c-4877-af64-1be0eb661e6b', '6709311b-4c63-4961-bf00-4b3be7dc3fb1', 'confirmation_token', '4024c1e43e26f2487c7f9fde0ea35eeede1c27ffb7b61cf50a2812d3', 'car@gmail.com', '2024-12-03 23:45:24.775817', '2024-12-03 23:45:24.775817');


--
-- Data for Name: refresh_tokens; Type: TABLE DATA; Schema: auth; Owner: supabase_auth_admin
--

INSERT INTO "auth"."refresh_tokens" ("instance_id", "id", "token", "user_id", "revoked", "created_at", "updated_at", "parent", "session_id") VALUES
	('00000000-0000-0000-0000-000000000000', 1, '4bp6KuRt3wYm8WY21yF1ng', 'aa67aae6-a19a-4001-8422-8b1f49709153', false, '2024-12-04 01:05:09.226489+00', '2024-12-04 01:05:09.226489+00', NULL, 'e29c6766-8388-406d-bce5-61adf3a57301'),
	('00000000-0000-0000-0000-000000000000', 2, '5CwADR3xSqrpMnzEazYG9A', 'aa67aae6-a19a-4001-8422-8b1f49709153', false, '2024-12-04 01:05:32.842782+00', '2024-12-04 01:05:32.842782+00', NULL, 'bffac7f5-1e91-42e2-a9ae-e5b54670babf'),
	('00000000-0000-0000-0000-000000000000', 3, 'IoWx0gqTJdQ-AKVY7pN8Dw', 'aa67aae6-a19a-4001-8422-8b1f49709153', false, '2024-12-04 01:05:42.448664+00', '2024-12-04 01:05:42.448664+00', NULL, '1d3cda0c-c77c-4ad0-ab85-f41d594543c6'),
	('00000000-0000-0000-0000-000000000000', 4, '3Ryn488B4EAqDiyCMM76xg', 'aa67aae6-a19a-4001-8422-8b1f49709153', false, '2024-12-04 01:06:11.924243+00', '2024-12-04 01:06:11.924243+00', NULL, 'a560a3b6-21bb-4c2a-ba98-a7e3de28543f'),
	('00000000-0000-0000-0000-000000000000', 5, 'NircwPUEiWyGRxei-59I1Q', 'fec6c6d9-09f0-42be-8688-6a48f9eb7509', false, '2024-12-04 01:15:01.829197+00', '2024-12-04 01:15:01.829197+00', NULL, 'c846470d-b726-452f-9fce-8e7bf556dbad'),
	('00000000-0000-0000-0000-000000000000', 6, 'ONOKqcnIR02_0G2VIJ0iNg', '6f66fc06-42c5-42af-a60b-d01b40bba13c', false, '2024-12-04 01:17:09.818535+00', '2024-12-04 01:17:09.818535+00', NULL, '022a956c-c12d-49e1-9fca-2a5f56e83221'),
	('00000000-0000-0000-0000-000000000000', 7, 'Nx86OJf6S0HHl5E8Ywwo6g', 'a53da0a9-3fff-4e59-83b1-4466c348a752', false, '2024-12-04 01:20:15.191803+00', '2024-12-04 01:20:15.191803+00', NULL, '880cbf64-da9e-4b56-aee1-281aca2d8350'),
	('00000000-0000-0000-0000-000000000000', 8, 'N2w4-wfS-6I9yY2Ths9fdw', 'a53da0a9-3fff-4e59-83b1-4466c348a752', false, '2024-12-04 01:20:23.625752+00', '2024-12-04 01:20:23.625752+00', NULL, '2c398d31-9e9d-4584-aad9-81113cc9a585'),
	('00000000-0000-0000-0000-000000000000', 9, 'ArUr54y6lTED45qMfmtQ-w', 'aa67aae6-a19a-4001-8422-8b1f49709153', false, '2024-12-04 01:24:38.515263+00', '2024-12-04 01:24:38.515263+00', NULL, '29dccb67-4333-489a-aee8-c521ff8273be'),
	('00000000-0000-0000-0000-000000000000', 10, 'u-H4dHsTHYFLQFbCQDTKrA', '4f93d31d-f4c0-4362-a3a9-93347c14c2fd', false, '2024-12-04 01:24:55.49198+00', '2024-12-04 01:24:55.49198+00', NULL, 'e5ecc55f-630d-4e9a-a791-ffaf970859f1'),
	('00000000-0000-0000-0000-000000000000', 12, '0za_vtjemAJpUzIr8AQqrQ', 'aa67aae6-a19a-4001-8422-8b1f49709153', false, '2024-12-04 01:27:03.405558+00', '2024-12-04 01:27:03.405558+00', NULL, '14bb1197-09b8-4a93-b31a-b7fb8ff95e7a'),
	('00000000-0000-0000-0000-000000000000', 13, 'xUoUDVHRjNF3z3umnqP09Q', '32237bd3-7c5c-49b6-a8e9-ed009b530387', false, '2024-12-04 01:27:25.975291+00', '2024-12-04 01:27:25.975291+00', NULL, '7d3e4e49-f367-4fd7-aa0c-cc06849c6288'),
	('00000000-0000-0000-0000-000000000000', 14, 'y6RdrG08BUpUQm-LXZdqCA', 'b80117b6-4a0f-4eee-b636-b4c68f57d695', false, '2024-12-04 01:28:36.725719+00', '2024-12-04 01:28:36.725719+00', NULL, 'fa182c55-957e-47a4-a336-412b6969c969'),
	('00000000-0000-0000-0000-000000000000', 15, 'rqlkYVNC7jJumOuM6iYHjg', '38e7f4a4-8c41-45bc-9b2c-af2138a3388c', false, '2024-12-04 01:30:45.520121+00', '2024-12-04 01:30:45.520121+00', NULL, '1fad2e95-14e6-4357-8939-cc117baa643e'),
	('00000000-0000-0000-0000-000000000000', 16, 'ymgg2KHP2Ldeg871LpYJjQ', '8fd59e35-4e4f-423f-bdfd-c7b34e9fea46', false, '2024-12-04 01:32:42.424256+00', '2024-12-04 01:32:42.424256+00', NULL, '2b6060b5-1bb4-4fcf-ae43-f95635eff1ac'),
	('00000000-0000-0000-0000-000000000000', 271, 'OTKjXZtVENTevvj5rHA1Kg', '39292e4e-83a9-4a1f-80a9-9b1d814a1fba', true, '2024-12-12 01:18:35.971723+00', '2024-12-12 17:45:30.471844+00', NULL, '91b4f39d-9c3a-4d28-a731-64b8a79ed076'),
	('00000000-0000-0000-0000-000000000000', 17, 'IQEZLpaB-p1Pst3SeweT_g', '8fd59e35-4e4f-423f-bdfd-c7b34e9fea46', true, '2024-12-04 01:32:42.644504+00', '2024-12-04 01:32:43.010124+00', NULL, '639e2994-179f-4c45-aba0-fd67c017e262'),
	('00000000-0000-0000-0000-000000000000', 18, '5gtHM_Xxjkxff3JIdnha7Q', '8fd59e35-4e4f-423f-bdfd-c7b34e9fea46', false, '2024-12-04 01:32:43.012159+00', '2024-12-04 01:32:43.012159+00', 'IQEZLpaB-p1Pst3SeweT_g', '639e2994-179f-4c45-aba0-fd67c017e262'),
	('00000000-0000-0000-0000-000000000000', 273, 'idPUeAk7rGpcQCehLEO6gA', '39292e4e-83a9-4a1f-80a9-9b1d814a1fba', true, '2024-12-12 18:06:31.967579+00', '2024-12-12 19:16:33.628154+00', NULL, 'fffdfab3-c49f-4dfa-a43b-02e5ebd68dae'),
	('00000000-0000-0000-0000-000000000000', 275, 'Ai4_HVCSna4Ttp7S90U--A', '39292e4e-83a9-4a1f-80a9-9b1d814a1fba', false, '2024-12-12 22:21:05.610941+00', '2024-12-12 22:21:05.610941+00', 'XEQ20UOtotHtwC8zuMrX8A', 'fffdfab3-c49f-4dfa-a43b-02e5ebd68dae'),
	('00000000-0000-0000-0000-000000000000', 147, 'h1VTemobStI5BaCoBynNCg', '47a40492-97b7-45f3-9fd7-ad6f48454c5f', false, '2024-12-07 01:36:07.954067+00', '2024-12-07 01:36:07.954067+00', NULL, '2efc6e3c-5e0c-4f38-a9c4-de3b2bd4f806'),
	('00000000-0000-0000-0000-000000000000', 277, 'Zp_TRsoNX3tF3svRveF_qg', '39292e4e-83a9-4a1f-80a9-9b1d814a1fba', false, '2024-12-12 22:47:41.492561+00', '2024-12-12 22:47:41.492561+00', NULL, '81ee3ead-1d8b-4bee-bcb5-769d59eac590'),
	('00000000-0000-0000-0000-000000000000', 82, 'V8z5F9K9DqHVKn5KR6ZBNA', 'dd0e512b-a716-4ff7-b924-bfbef183039e', true, '2024-12-06 01:05:49.083228+00', '2024-12-06 02:06:49.004266+00', NULL, '118ab28c-bea9-4168-aec0-0081d9131b23'),
	('00000000-0000-0000-0000-000000000000', 86, 'O0bMM0DI7pp0WBGIgYMYUQ', 'dd0e512b-a716-4ff7-b924-bfbef183039e', false, '2024-12-06 02:06:49.004914+00', '2024-12-06 02:06:49.004914+00', 'V8z5F9K9DqHVKn5KR6ZBNA', '118ab28c-bea9-4168-aec0-0081d9131b23'),
	('00000000-0000-0000-0000-000000000000', 83, 'Rx81Te4wHLq3-rytqI_b2w', 'dd0e512b-a716-4ff7-b924-bfbef183039e', true, '2024-12-06 01:55:25.426586+00', '2024-12-06 03:08:59.82849+00', NULL, '8e95a42a-c3fa-4734-86dc-7bd71e0f29c8'),
	('00000000-0000-0000-0000-000000000000', 85, 'vGW9zzXqVyZOBYd07oFQWw', '97680bcf-f3b4-4565-a029-27739016345c', true, '2024-12-06 02:06:21.492323+00', '2024-12-06 04:34:15.89278+00', NULL, 'c5c1b174-97ad-4d49-9516-af697cd5e89e'),
	('00000000-0000-0000-0000-000000000000', 89, '6MIuSbSU6yVz7dArMkInGQ', '97680bcf-f3b4-4565-a029-27739016345c', false, '2024-12-06 04:34:15.893385+00', '2024-12-06 04:34:15.893385+00', 'vGW9zzXqVyZOBYd07oFQWw', 'c5c1b174-97ad-4d49-9516-af697cd5e89e'),
	('00000000-0000-0000-0000-000000000000', 88, 'rsHW--OSFyWQ-7MUDatw0w', 'dd0e512b-a716-4ff7-b924-bfbef183039e', true, '2024-12-06 03:08:59.829752+00', '2024-12-06 04:55:01.703661+00', 'Rx81Te4wHLq3-rytqI_b2w', '8e95a42a-c3fa-4734-86dc-7bd71e0f29c8'),
	('00000000-0000-0000-0000-000000000000', 90, 'BXt1-Eji9FXYiyBuOFlxew', 'dd0e512b-a716-4ff7-b924-bfbef183039e', false, '2024-12-06 04:55:01.705363+00', '2024-12-06 04:55:01.705363+00', 'rsHW--OSFyWQ-7MUDatw0w', '8e95a42a-c3fa-4734-86dc-7bd71e0f29c8'),
	('00000000-0000-0000-0000-000000000000', 87, 'lHk-Xo5eVSs9jZHlBknV6g', '97680bcf-f3b4-4565-a029-27739016345c', true, '2024-12-06 02:23:44.182024+00', '2024-12-06 05:28:30.460984+00', NULL, 'ea4b4f45-e4d7-4864-a1b1-4064a68fb88b'),
	('00000000-0000-0000-0000-000000000000', 91, '0WSvXm42fYQ4ghZk6Hgllg', '97680bcf-f3b4-4565-a029-27739016345c', false, '2024-12-06 05:28:30.462276+00', '2024-12-06 05:28:30.462276+00', 'lHk-Xo5eVSs9jZHlBknV6g', 'ea4b4f45-e4d7-4864-a1b1-4064a68fb88b'),
	('00000000-0000-0000-0000-000000000000', 42, '49LrBtKFtmRMtm-s9DyC6w', '98e33685-9906-4120-8a74-a020641403d0', true, '2024-12-04 20:13:29.140625+00', '2024-12-04 21:30:57.178701+00', NULL, '53e9a0eb-511b-4434-bf6a-e735dbf91d5b'),
	('00000000-0000-0000-0000-000000000000', 43, 'JpBgrpqrq4JvfJuEuk01Kw', '98e33685-9906-4120-8a74-a020641403d0', true, '2024-12-04 21:30:57.182458+00', '2024-12-05 00:56:49.557387+00', '49LrBtKFtmRMtm-s9DyC6w', '53e9a0eb-511b-4434-bf6a-e735dbf91d5b'),
	('00000000-0000-0000-0000-000000000000', 44, 'DIEWcbkIUD_FqYfHQX0iwQ', '98e33685-9906-4120-8a74-a020641403d0', false, '2024-12-05 00:56:49.558037+00', '2024-12-05 00:56:49.558037+00', 'JpBgrpqrq4JvfJuEuk01Kw', '53e9a0eb-511b-4434-bf6a-e735dbf91d5b'),
	('00000000-0000-0000-0000-000000000000', 95, 'UjTRo5kdtx74zSIGBJ4FQA', '9c54d794-ddc4-425b-bc31-9eabcc9edc4e', false, '2024-12-06 06:06:56.469384+00', '2024-12-06 06:06:56.469384+00', NULL, '9b901193-0485-4583-a6c0-126002beda22'),
	('00000000-0000-0000-0000-000000000000', 96, 'SO3Tr1vIpgNyBP9-zEN6aw', '9c54d794-ddc4-425b-bc31-9eabcc9edc4e', false, '2024-12-06 06:27:06.428474+00', '2024-12-06 06:27:06.428474+00', NULL, 'ce295184-bdd4-4b20-a900-c72b032ff621'),
	('00000000-0000-0000-0000-000000000000', 48, '2IRMr8UU6A-MR6uYSBryNA', 'aa67aae6-a19a-4001-8422-8b1f49709153', true, '2024-12-05 03:56:01.522718+00', '2024-12-05 05:08:38.78574+00', NULL, 'bb8aeeab-7bb9-43d2-988e-670ac9a2a8e9'),
	('00000000-0000-0000-0000-000000000000', 49, 'dLtSrB45_FBnJnLJEo7X9g', 'aa67aae6-a19a-4001-8422-8b1f49709153', false, '2024-12-05 05:08:38.786933+00', '2024-12-05 05:08:38.786933+00', '2IRMr8UU6A-MR6uYSBryNA', 'bb8aeeab-7bb9-43d2-988e-670ac9a2a8e9'),
	('00000000-0000-0000-0000-000000000000', 100, 'nZ_fN4tBr-tw-Nx2zyZG0w', '0beb0045-c926-487b-b09a-0d72eaceb798', false, '2024-12-06 06:56:21.563955+00', '2024-12-06 06:56:21.563955+00', NULL, 'c15d7fad-6da8-4848-bc31-dee73b7e9551'),
	('00000000-0000-0000-0000-000000000000', 101, 'OTJEXSZnu-ni_gcTQmXq8g', '41c5f4a4-98ab-444a-a254-9af214c68b1f', false, '2024-12-06 07:09:24.6487+00', '2024-12-06 07:09:24.6487+00', NULL, '4662fef6-8d32-4edb-a8a7-13e881c9a467'),
	('00000000-0000-0000-0000-000000000000', 105, 'r4l59JT7cq6sN7dYkzEIng', '6e77e7d1-53cf-4043-adc6-7a81f16066f5', true, '2024-12-06 07:18:12.77295+00', '2024-12-06 18:07:08.561604+00', NULL, '57e3739c-5199-403b-ae1d-f71a4e5b27c3'),
	('00000000-0000-0000-0000-000000000000', 106, 'iydbzfcEE9AG-XcJENXpjg', '6e77e7d1-53cf-4043-adc6-7a81f16066f5', false, '2024-12-06 18:07:08.572064+00', '2024-12-06 18:07:08.572064+00', 'r4l59JT7cq6sN7dYkzEIng', '57e3739c-5199-403b-ae1d-f71a4e5b27c3'),
	('00000000-0000-0000-0000-000000000000', 119, 'qPZ8rg67folBx_GIO_LBlQ', '0beb0045-c926-487b-b09a-0d72eaceb798', false, '2024-12-06 19:19:33.087664+00', '2024-12-06 19:19:33.087664+00', NULL, 'd059d856-a29b-4c8c-9cce-a7cf577c02fe'),
	('00000000-0000-0000-0000-000000000000', 120, 'kY0d-RIJAlgNjsh8SxmQ5w', '510ad148-d59d-4dcf-911f-5467d131c644', false, '2024-12-06 19:19:58.607334+00', '2024-12-06 19:19:58.607334+00', NULL, 'e41c81e5-3686-4a72-a435-0559fb09f1a4'),
	('00000000-0000-0000-0000-000000000000', 274, 'XEQ20UOtotHtwC8zuMrX8A', '39292e4e-83a9-4a1f-80a9-9b1d814a1fba', true, '2024-12-12 19:16:33.634218+00', '2024-12-12 22:21:05.60782+00', 'idPUeAk7rGpcQCehLEO6gA', 'fffdfab3-c49f-4dfa-a43b-02e5ebd68dae'),
	('00000000-0000-0000-0000-000000000000', 145, 'nmq6JHWioKs0yvpI7ubl5Q', 'c5c879b5-edcb-4b5a-a06a-6b0aa38e9cd9', false, '2024-12-07 01:32:46.313284+00', '2024-12-07 01:32:46.313284+00', NULL, '1265315e-d8f6-4ced-bfe7-bea7fae01474'),
	('00000000-0000-0000-0000-000000000000', 272, '4cjg2P__ardTVvZCbsUS_w', '39292e4e-83a9-4a1f-80a9-9b1d814a1fba', true, '2024-12-12 17:45:30.480744+00', '2024-12-12 22:45:51.02114+00', 'OTKjXZtVENTevvj5rHA1Kg', '91b4f39d-9c3a-4d28-a731-64b8a79ed076'),
	('00000000-0000-0000-0000-000000000000', 276, 'J6RBzwk-50V7suRnZ2gznQ', '39292e4e-83a9-4a1f-80a9-9b1d814a1fba', false, '2024-12-12 22:45:51.023039+00', '2024-12-12 22:45:51.023039+00', '4cjg2P__ardTVvZCbsUS_w', '91b4f39d-9c3a-4d28-a731-64b8a79ed076');


--
-- Data for Name: sso_providers; Type: TABLE DATA; Schema: auth; Owner: supabase_auth_admin
--



--
-- Data for Name: saml_providers; Type: TABLE DATA; Schema: auth; Owner: supabase_auth_admin
--



--
-- Data for Name: saml_relay_states; Type: TABLE DATA; Schema: auth; Owner: supabase_auth_admin
--



--
-- Data for Name: sso_domains; Type: TABLE DATA; Schema: auth; Owner: supabase_auth_admin
--



--
-- Data for Name: key; Type: TABLE DATA; Schema: pgsodium; Owner: supabase_admin
--



--
-- Data for Name: profiles; Type: TABLE DATA; Schema: public; Owner: postgres
--

INSERT INTO "public"."profiles" ("id", "name", "email", "avatar_url", "bio", "subscriber_count", "post_count", "subscription_price", "stripe_customer_id", "stripe_account_id", "onboarding_completed", "created_at", "updated_at") VALUES
	('39292e4e-83a9-4a1f-80a9-9b1d814a1fba', 'Roger', 'roger@gmail.com', NULL, NULL, 0, 0, NULL, NULL, NULL, false, '2024-12-12 23:16:51.788129+00', '2024-12-12 23:16:51.592+00');


--
-- Data for Name: message_threads; Type: TABLE DATA; Schema: public; Owner: postgres
--



--
-- Data for Name: posts; Type: TABLE DATA; Schema: public; Owner: postgres
--



--
-- Data for Name: messages; Type: TABLE DATA; Schema: public; Owner: postgres
--



--
-- Data for Name: post_access; Type: TABLE DATA; Schema: public; Owner: postgres
--



--
-- Data for Name: post_views; Type: TABLE DATA; Schema: public; Owner: postgres
--



--
-- Data for Name: subscriptions; Type: TABLE DATA; Schema: public; Owner: postgres
--



--
-- Data for Name: transactions; Type: TABLE DATA; Schema: public; Owner: postgres
--



--
-- Data for Name: buckets; Type: TABLE DATA; Schema: storage; Owner: supabase_storage_admin
--

INSERT INTO "storage"."buckets" ("id", "name", "owner", "created_at", "updated_at", "public", "avif_autodetection", "file_size_limit", "allowed_mime_types", "owner_id") VALUES
	('avatars', 'avatars', NULL, '2024-12-05 03:08:46.298063+00', '2024-12-05 03:08:46.298063+00', false, false, NULL, NULL, NULL),
	('posts', 'posts', NULL, '2024-12-04 01:10:41.604766+00', '2024-12-04 01:10:41.604766+00', true, false, NULL, NULL, NULL);


--
-- Data for Name: objects; Type: TABLE DATA; Schema: storage; Owner: supabase_storage_admin
--

INSERT INTO "storage"."objects" ("id", "bucket_id", "name", "owner", "created_at", "updated_at", "last_accessed_at", "metadata", "version", "owner_id", "user_metadata") VALUES
	('fca68eb4-8481-4e52-a62b-4c15c143e36f', 'posts', '98e33685-9906-4120-8a74-a020641403d0-0.15750432179724294.jpeg', '98e33685-9906-4120-8a74-a020641403d0', '2024-12-04 07:07:10.022982+00', '2024-12-04 07:07:10.022982+00', '2024-12-04 07:07:10.022982+00', '{"eTag": "\"f5d0b1edc5bf1c00f540b3296b9a9aed\"", "size": 177130, "mimetype": "image/jpeg", "cacheControl": "max-age=3600", "lastModified": "2024-12-04T07:07:10.000Z", "contentLength": 177130, "httpStatusCode": 200}', '7e65870c-f964-4ab8-916f-363321e16052', '98e33685-9906-4120-8a74-a020641403d0', '{}'),
	('4448bb1d-763a-4421-8cc7-d5213d45c195', 'posts', '13023665-71f0-46ab-93e8-139791f4ba6e-0.8119752543847132.png', '13023665-71f0-46ab-93e8-139791f4ba6e', '2024-12-07 02:16:24.246991+00', '2024-12-07 02:16:24.246991+00', '2024-12-07 02:16:24.246991+00', '{"eTag": "\"d00f930bb57bae980f56ef74937316b3\"", "size": 153796, "mimetype": "image/png", "cacheControl": "max-age=3600", "lastModified": "2024-12-07T02:16:25.000Z", "contentLength": 153796, "httpStatusCode": 200}', '3e8e066f-1451-4cea-83af-8c12f46a60d8', '13023665-71f0-46ab-93e8-139791f4ba6e', '{}'),
	('28ad6106-d7f3-4b2e-83c4-2cd67a67c2d2', 'posts', '77224d79-f9da-4b14-bb55-4bbfd4d25188-0.5927188848288889.png', '77224d79-f9da-4b14-bb55-4bbfd4d25188', '2024-12-07 17:55:25.400674+00', '2024-12-07 17:55:25.400674+00', '2024-12-07 17:55:25.400674+00', '{"eTag": "\"d00f930bb57bae980f56ef74937316b3\"", "size": 153796, "mimetype": "image/png", "cacheControl": "max-age=3600", "lastModified": "2024-12-07T17:55:26.000Z", "contentLength": 153796, "httpStatusCode": 200}', '3cf7daae-c20b-4c37-a87b-aad62d4faf46', '77224d79-f9da-4b14-bb55-4bbfd4d25188', '{}'),
	('8cbfe892-872f-4bc0-a5e5-c483ef3e2cbc', 'posts', '77224d79-f9da-4b14-bb55-4bbfd4d25188-0.6742149919872411.jpg', '77224d79-f9da-4b14-bb55-4bbfd4d25188', '2024-12-07 18:04:56.822615+00', '2024-12-07 18:04:56.822615+00', '2024-12-07 18:04:56.822615+00', '{"eTag": "\"f9feaab4b314234bab74765f79d89786\"", "size": 797623, "mimetype": "image/jpeg", "cacheControl": "max-age=3600", "lastModified": "2024-12-07T18:04:57.000Z", "contentLength": 797623, "httpStatusCode": 200}', '9d088f24-ab6e-45cd-beae-c9e50add9bda', '77224d79-f9da-4b14-bb55-4bbfd4d25188', '{}'),
	('49151b71-1e81-4ca5-8d5e-608685b6d132', 'posts', '77224d79-f9da-4b14-bb55-4bbfd4d25188-0.34879673696630253.jpg', '77224d79-f9da-4b14-bb55-4bbfd4d25188', '2024-12-07 18:49:53.607818+00', '2024-12-07 18:49:53.607818+00', '2024-12-07 18:49:53.607818+00', '{"eTag": "\"1e08c9347cc485d66ae181aa5d42a55e\"", "size": 315394, "mimetype": "image/jpeg", "cacheControl": "max-age=3600", "lastModified": "2024-12-07T18:49:54.000Z", "contentLength": 315394, "httpStatusCode": 200}', '4497744a-a402-4f38-91bf-03fe45c5d3af', '77224d79-f9da-4b14-bb55-4bbfd4d25188', '{}'),
	('ef771e49-9c50-438a-b170-d802cdadd612', 'posts', '77224d79-f9da-4b14-bb55-4bbfd4d25188-0.48570416834057384.png', '77224d79-f9da-4b14-bb55-4bbfd4d25188', '2024-12-07 18:59:17.762608+00', '2024-12-07 18:59:17.762608+00', '2024-12-07 18:59:17.762608+00', '{"eTag": "\"013bf5023ab06eeced939186d2ce3cde\"", "size": 438732, "mimetype": "image/png", "cacheControl": "max-age=3600", "lastModified": "2024-12-07T18:59:18.000Z", "contentLength": 438732, "httpStatusCode": 200}', 'f2f2e32f-467f-4b20-bb3a-46c70e27726b', '77224d79-f9da-4b14-bb55-4bbfd4d25188', '{}'),
	('3f037ebb-0034-434d-af16-3eb27b9addc4', 'posts', '77224d79-f9da-4b14-bb55-4bbfd4d25188-0.08553993907967428.webp', '77224d79-f9da-4b14-bb55-4bbfd4d25188', '2024-12-07 19:08:37.970275+00', '2024-12-07 19:08:37.970275+00', '2024-12-07 19:08:37.970275+00', '{"eTag": "\"8a14d84778986ec5b27890d69e042dfc\"", "size": 595384, "mimetype": "image/webp", "cacheControl": "max-age=3600", "lastModified": "2024-12-07T19:08:38.000Z", "contentLength": 595384, "httpStatusCode": 200}', 'c474dcc2-11fe-4384-b830-18d86d0412ee', '77224d79-f9da-4b14-bb55-4bbfd4d25188', '{}'),
	('d99f0232-c70b-4ee5-bac7-13add97e370f', 'posts', '77224d79-f9da-4b14-bb55-4bbfd4d25188-0.5306837208916213.png', '77224d79-f9da-4b14-bb55-4bbfd4d25188', '2024-12-07 19:22:09.064099+00', '2024-12-07 19:22:09.064099+00', '2024-12-07 19:22:09.064099+00', '{"eTag": "\"f50afc9b6180827113bc60536faa757d\"", "size": 240526, "mimetype": "image/png", "cacheControl": "max-age=3600", "lastModified": "2024-12-07T19:22:09.000Z", "contentLength": 240526, "httpStatusCode": 200}', 'bc0ad1c0-b852-4dba-8d50-001b4fb86ade', '77224d79-f9da-4b14-bb55-4bbfd4d25188', '{}'),
	('c27a08c9-4079-4a26-87ec-1e131dd4cf8f', 'posts', '13023665-71f0-46ab-93e8-139791f4ba6e-0.7348217690086192.png', '13023665-71f0-46ab-93e8-139791f4ba6e', '2024-12-08 01:48:18.764272+00', '2024-12-08 01:48:18.764272+00', '2024-12-08 01:48:18.764272+00', '{"eTag": "\"f50afc9b6180827113bc60536faa757d\"", "size": 240526, "mimetype": "image/png", "cacheControl": "max-age=3600", "lastModified": "2024-12-08T01:48:19.000Z", "contentLength": 240526, "httpStatusCode": 200}', '02c23d14-b42a-4813-88c9-7c2b9a9f3e1b', '13023665-71f0-46ab-93e8-139791f4ba6e', '{}'),
	('92dc635f-9f90-46c5-8a4a-00bdf3366a0a', 'posts', '0703c12d-2d1c-4729-ad42-6d82d87779c5-0.42519793382172644.jpg', '0703c12d-2d1c-4729-ad42-6d82d87779c5', '2024-12-08 01:59:32.261721+00', '2024-12-08 01:59:32.261721+00', '2024-12-08 01:59:32.261721+00', '{"eTag": "\"6dba9ef56cf9b3bb93029589bdd1e9eb\"", "size": 11697, "mimetype": "image/jpeg", "cacheControl": "max-age=3600", "lastModified": "2024-12-08T01:59:33.000Z", "contentLength": 11697, "httpStatusCode": 200}', 'b0a04cdf-96af-4b65-a57a-8bd95d0a4bf2', '0703c12d-2d1c-4729-ad42-6d82d87779c5', '{}'),
	('a328c3cf-e7f3-4729-8e82-19e323b306ce', 'posts', '0703c12d-2d1c-4729-ad42-6d82d87779c5-0.547498399887328.mp4', '0703c12d-2d1c-4729-ad42-6d82d87779c5', '2024-12-08 02:11:30.915446+00', '2024-12-08 02:11:30.915446+00', '2024-12-08 02:11:30.915446+00', '{"eTag": "\"6c86fb2e2b7a213de00aa8f1150a95de-2\"", "size": 6714738, "mimetype": "video/mp4", "cacheControl": "max-age=3600", "lastModified": "2024-12-08T02:11:31.000Z", "contentLength": 6714738, "httpStatusCode": 200}', '83949385-fc81-4d33-9da2-a5e858d4012a', '0703c12d-2d1c-4729-ad42-6d82d87779c5', '{}'),
	('5a7f90e9-3144-4e48-bdc9-3db75b3cea8f', 'posts', 'posts/39292e4e-83a9-4a1f-80a9-9b1d814a1fba-0.9772285521618336.PNG', '39292e4e-83a9-4a1f-80a9-9b1d814a1fba', '2024-12-08 19:12:28.671293+00', '2024-12-08 19:12:28.671293+00', '2024-12-08 19:12:28.671293+00', '{"eTag": "\"67631c23dbd6a25e6af09bb2cfc2a9e3\"", "size": 17668, "mimetype": "image/png", "cacheControl": "max-age=3600", "lastModified": "2024-12-08T19:12:29.000Z", "contentLength": 17668, "httpStatusCode": 200}', '18e52670-6cb3-49b5-ad64-9730896d47f8', '39292e4e-83a9-4a1f-80a9-9b1d814a1fba', '{}'),
	('210784b3-275c-4db2-8761-d5948f8e973d', 'posts', 'posts/39292e4e-83a9-4a1f-80a9-9b1d814a1fba-0.09230500820585497.JPG', '39292e4e-83a9-4a1f-80a9-9b1d814a1fba', '2024-12-08 19:18:39.473857+00', '2024-12-08 19:18:39.473857+00', '2024-12-08 19:18:39.473857+00', '{"eTag": "\"b3ce543de192c2337d382b91b80e1a8d\"", "size": 2381921, "mimetype": "image/jpeg", "cacheControl": "max-age=3600", "lastModified": "2024-12-08T19:18:40.000Z", "contentLength": 2381921, "httpStatusCode": 200}', '48f4e0d6-dae1-41ca-ac65-37b852f6b444', '39292e4e-83a9-4a1f-80a9-9b1d814a1fba', '{}'),
	('6f193963-18de-47b1-b542-874d19a9ed2d', 'posts', 'fuck_form_fitness_square_black.png', NULL, '2024-12-08 19:23:54.595684+00', '2024-12-08 19:23:54.595684+00', '2024-12-08 19:23:54.595684+00', '{"eTag": "\"1897215130ef1eaaef008f5d5fa999d9-1\"", "size": 4147, "mimetype": "image/png", "cacheControl": "max-age=3600", "lastModified": "2024-12-08T19:23:55.000Z", "contentLength": 4147, "httpStatusCode": 200}', 'c2d802f5-beaf-40d9-ad6d-0b91ed9e652b', NULL, NULL),
	('20f72a49-2c1b-4731-adcc-987eef373b56', 'posts', 'posts/39292e4e-83a9-4a1f-80a9-9b1d814a1fba-0.24965558385910258.png', '39292e4e-83a9-4a1f-80a9-9b1d814a1fba', '2024-12-08 19:24:58.610252+00', '2024-12-08 19:24:58.610252+00', '2024-12-08 19:24:58.610252+00', '{"eTag": "\"cb0dd2a5eb48d5c8029107259878cb80\"", "size": 2290023, "mimetype": "image/png", "cacheControl": "max-age=3600", "lastModified": "2024-12-08T19:24:59.000Z", "contentLength": 2290023, "httpStatusCode": 200}', 'bcd44b36-86ce-49a6-9f74-79a94cc69d0c', '39292e4e-83a9-4a1f-80a9-9b1d814a1fba', '{}'),
	('374be561-5b11-47ae-a864-074c8524c4b9', 'posts', 'posts/39292e4e-83a9-4a1f-80a9-9b1d814a1fba-0.30114561866629974.jpeg', '39292e4e-83a9-4a1f-80a9-9b1d814a1fba', '2024-12-09 00:19:13.474417+00', '2024-12-09 00:19:13.474417+00', '2024-12-09 00:19:13.474417+00', '{"eTag": "\"bf52cbb572081b7f1e48b0dc399614d9\"", "size": 94782, "mimetype": "image/jpeg", "cacheControl": "max-age=3600", "lastModified": "2024-12-09T00:19:14.000Z", "contentLength": 94782, "httpStatusCode": 200}', '4905b8ad-d137-4356-a28a-b4bc1109dae3', '39292e4e-83a9-4a1f-80a9-9b1d814a1fba', '{}'),
	('3d64aa97-4a00-43c4-b99c-84c1b48a5ca2', 'posts', 'posts/39292e4e-83a9-4a1f-80a9-9b1d814a1fba-0.06764199086913192.PNG', '39292e4e-83a9-4a1f-80a9-9b1d814a1fba', '2024-12-09 00:31:31.189803+00', '2024-12-09 00:31:31.189803+00', '2024-12-09 00:31:31.189803+00', '{"eTag": "\"1af02726363a113edd29d3a891abf5d9-4\"", "size": 18083009, "mimetype": "image/png", "cacheControl": "max-age=3600", "lastModified": "2024-12-09T00:31:30.000Z", "contentLength": 18083009, "httpStatusCode": 200}', '75e4c699-69d4-49c7-93f3-77e8edc762f7', '39292e4e-83a9-4a1f-80a9-9b1d814a1fba', '{}'),
	('b61b1a39-ed62-408a-995e-6811bd1e6902', 'posts', 'posts/39292e4e-83a9-4a1f-80a9-9b1d814a1fba-0.025359834081588817.JPG', '39292e4e-83a9-4a1f-80a9-9b1d814a1fba', '2024-12-09 01:08:34.307362+00', '2024-12-09 01:08:34.307362+00', '2024-12-09 01:08:34.307362+00', '{"eTag": "\"cb25a2c4bee50d95b387e9a57cbfe0fc\"", "size": 146121, "mimetype": "image/jpeg", "cacheControl": "max-age=3600", "lastModified": "2024-12-09T01:08:35.000Z", "contentLength": 146121, "httpStatusCode": 200}', 'b7ab4780-c5d5-4be0-95c4-89d74fbeb002', '39292e4e-83a9-4a1f-80a9-9b1d814a1fba', '{}'),
	('913f4f12-b5c3-4dbe-b772-f5ad2418ed1e', 'posts', 'posts/39292e4e-83a9-4a1f-80a9-9b1d814a1fba-0.21566664087794418.png', '39292e4e-83a9-4a1f-80a9-9b1d814a1fba', '2024-12-09 01:15:13.85938+00', '2024-12-09 01:15:13.85938+00', '2024-12-09 01:15:13.85938+00', '{"eTag": "\"398736210538a6d456a4c5267d74ff69\"", "size": 57206, "mimetype": "image/png", "cacheControl": "max-age=3600", "lastModified": "2024-12-09T01:15:14.000Z", "contentLength": 57206, "httpStatusCode": 200}', 'e5aa59f5-b380-481a-8147-6ed699410709', '39292e4e-83a9-4a1f-80a9-9b1d814a1fba', '{}'),
	('a736cd1d-0ece-469b-8aa6-c0833f202940', 'posts', 'posts/39292e4e-83a9-4a1f-80a9-9b1d814a1fba-0.833915339876454.png', '39292e4e-83a9-4a1f-80a9-9b1d814a1fba', '2024-12-09 01:34:30.49826+00', '2024-12-09 01:34:30.49826+00', '2024-12-09 01:34:30.49826+00', '{"eTag": "\"84c5d91eef1f9ace4b4d7a08768f788c\"", "size": 20986, "mimetype": "image/png", "cacheControl": "max-age=3600", "lastModified": "2024-12-09T01:34:31.000Z", "contentLength": 20986, "httpStatusCode": 200}', 'cdb2d327-550b-47aa-93a1-87565b8f9a89', '39292e4e-83a9-4a1f-80a9-9b1d814a1fba', '{}'),
	('8710d66e-8702-4f5d-ae89-4e78cfa44e6e', 'posts', 'posts/39292e4e-83a9-4a1f-80a9-9b1d814a1fba-0.7512602815366869.jpg', '39292e4e-83a9-4a1f-80a9-9b1d814a1fba', '2024-12-10 00:26:53.825581+00', '2024-12-10 00:26:53.825581+00', '2024-12-10 00:26:53.825581+00', '{"eTag": "\"6dba9ef56cf9b3bb93029589bdd1e9eb\"", "size": 11697, "mimetype": "image/jpeg", "cacheControl": "max-age=3600", "lastModified": "2024-12-10T00:26:54.000Z", "contentLength": 11697, "httpStatusCode": 200}', 'eb29e29e-a974-423d-b983-77bf15568130', '39292e4e-83a9-4a1f-80a9-9b1d814a1fba', '{}'),
	('638f7489-ba60-4bb9-9af2-e9a7eb86441d', 'posts', 'posts/39292e4e-83a9-4a1f-80a9-9b1d814a1fba-0.7072501940162474.png', '39292e4e-83a9-4a1f-80a9-9b1d814a1fba', '2024-12-10 00:35:46.446072+00', '2024-12-10 00:35:46.446072+00', '2024-12-10 00:35:46.446072+00', '{"eTag": "\"69b297fbc237716881ef2af9f917dca4\"", "size": 1144661, "mimetype": "image/png", "cacheControl": "max-age=3600", "lastModified": "2024-12-10T00:35:47.000Z", "contentLength": 1144661, "httpStatusCode": 200}', 'b007ee98-6de9-4d31-a6bb-9c0dc7779a10', '39292e4e-83a9-4a1f-80a9-9b1d814a1fba', '{}'),
	('ddcc3f30-e705-4418-88ea-6194fd376acd', 'posts', 'posts/39292e4e-83a9-4a1f-80a9-9b1d814a1fba-0.198678913621682.gif', '39292e4e-83a9-4a1f-80a9-9b1d814a1fba', '2024-12-10 00:42:27.639144+00', '2024-12-10 00:42:27.639144+00', '2024-12-10 00:42:27.639144+00', '{"eTag": "\"6adc3b271aa8f70dd47ec8c78c2f991a\"", "size": 35463, "mimetype": "image/gif", "cacheControl": "max-age=3600", "lastModified": "2024-12-10T00:42:28.000Z", "contentLength": 35463, "httpStatusCode": 200}', '9687f4a7-1b3d-46e4-b225-a2f687598e68', '39292e4e-83a9-4a1f-80a9-9b1d814a1fba', '{}'),
	('c165faac-a3f9-4acf-8e85-3606380fe7e9', 'posts', '0703c12d-2d1c-4729-ad42-6d82d87779c5-0.956046156224702.png', '0703c12d-2d1c-4729-ad42-6d82d87779c5', '2024-12-10 01:50:58.784826+00', '2024-12-10 01:50:58.784826+00', '2024-12-10 01:50:58.784826+00', '{"eTag": "\"af341a09ef085479af626bad967b0564\"", "size": 183010, "mimetype": "image/png", "cacheControl": "max-age=3600", "lastModified": "2024-12-10T01:50:59.000Z", "contentLength": 183010, "httpStatusCode": 200}', '86fe5c0d-c9e5-44de-936d-d1bc771b862a', '0703c12d-2d1c-4729-ad42-6d82d87779c5', '{}'),
	('54f8a3cd-6032-4314-9e8f-57b311e79f5d', 'posts', '0703c12d-2d1c-4729-ad42-6d82d87779c5-0.4907175850714429.jpg', '0703c12d-2d1c-4729-ad42-6d82d87779c5', '2024-12-10 01:53:00.535075+00', '2024-12-10 01:53:00.535075+00', '2024-12-10 01:53:00.535075+00', '{"eTag": "\"15299ba3509173810e0df72b1eae02e7\"", "size": 599996, "mimetype": "image/jpeg", "cacheControl": "max-age=3600", "lastModified": "2024-12-10T01:53:01.000Z", "contentLength": 599996, "httpStatusCode": 200}', '0c02cdee-29e7-4d27-9f0d-4bd3d1ed5c20', '0703c12d-2d1c-4729-ad42-6d82d87779c5', '{}'),
	('31a93594-63d0-4c3f-9309-8ac4a2d000f6', 'posts', '0703c12d-2d1c-4729-ad42-6d82d87779c5-0.2558680514922511.webp', '0703c12d-2d1c-4729-ad42-6d82d87779c5', '2024-12-10 03:43:48.519767+00', '2024-12-10 03:43:48.519767+00', '2024-12-10 03:43:48.519767+00', '{"eTag": "\"8a14d84778986ec5b27890d69e042dfc\"", "size": 595384, "mimetype": "image/webp", "cacheControl": "max-age=3600", "lastModified": "2024-12-10T03:43:49.000Z", "contentLength": 595384, "httpStatusCode": 200}', '05a571b2-2f86-47a3-8b6a-7dc0584cf18b', '0703c12d-2d1c-4729-ad42-6d82d87779c5', '{}'),
	('11ccba67-748d-47ff-9b23-b886cb5487ba', 'posts', '39292e4e-83a9-4a1f-80a9-9b1d814a1fba-0.7223123350737115.jpg', '39292e4e-83a9-4a1f-80a9-9b1d814a1fba', '2024-12-10 04:08:38.571757+00', '2024-12-10 04:08:38.571757+00', '2024-12-10 04:08:38.571757+00', '{"eTag": "\"b5234994e070031a06a939b36908a360\"", "size": 15213, "mimetype": "image/jpeg", "cacheControl": "max-age=3600", "lastModified": "2024-12-10T04:08:39.000Z", "contentLength": 15213, "httpStatusCode": 200}', '9aa62b9a-5dc3-4d37-8ad3-045a3a761226', '39292e4e-83a9-4a1f-80a9-9b1d814a1fba', '{}'),
	('de6aa6a9-4a21-4fc3-bb07-dd9fe695349d', 'posts', '39292e4e-83a9-4a1f-80a9-9b1d814a1fba-0.8415720488296794.jpeg', '39292e4e-83a9-4a1f-80a9-9b1d814a1fba', '2024-12-10 04:33:33.8742+00', '2024-12-10 04:33:33.8742+00', '2024-12-10 04:33:33.8742+00', '{"eTag": "\"f5d0b1edc5bf1c00f540b3296b9a9aed\"", "size": 177130, "mimetype": "image/jpeg", "cacheControl": "max-age=3600", "lastModified": "2024-12-10T04:33:34.000Z", "contentLength": 177130, "httpStatusCode": 200}', '5bb8349f-1473-4a3b-b0c4-501a2d424ffa', '39292e4e-83a9-4a1f-80a9-9b1d814a1fba', '{}'),
	('d4981bf0-9cc2-4854-bb70-8acb909199bf', 'posts', '39292e4e-83a9-4a1f-80a9-9b1d814a1fba-0.6712677554930021.jpeg', '39292e4e-83a9-4a1f-80a9-9b1d814a1fba', '2024-12-10 05:24:46.199392+00', '2024-12-10 05:24:46.199392+00', '2024-12-10 05:24:46.199392+00', '{"eTag": "\"baaf849aeb63f537c075818e0cecca25\"", "size": 78839, "mimetype": "image/jpeg", "cacheControl": "max-age=3600", "lastModified": "2024-12-10T05:24:47.000Z", "contentLength": 78839, "httpStatusCode": 200}', '3d3ca96a-d938-42be-9d0d-1a799d0c9e3a', '39292e4e-83a9-4a1f-80a9-9b1d814a1fba', '{}'),
	('90f82d9f-84ea-4b5d-8c81-1a2bf1475f59', 'posts', '0703c12d-2d1c-4729-ad42-6d82d87779c5-0.3747293677788359.png', '0703c12d-2d1c-4729-ad42-6d82d87779c5', '2024-12-10 07:06:55.016775+00', '2024-12-10 07:06:55.016775+00', '2024-12-10 07:06:55.016775+00', '{"eTag": "\"d00f930bb57bae980f56ef74937316b3\"", "size": 153796, "mimetype": "image/png", "cacheControl": "max-age=3600", "lastModified": "2024-12-10T07:06:55.000Z", "contentLength": 153796, "httpStatusCode": 200}', '1fe005c6-5a8e-48cb-af7c-fce6f4882504', '0703c12d-2d1c-4729-ad42-6d82d87779c5', '{}'),
	('6704cc24-45a4-453b-be5c-6316efe73ede', 'posts', '0703c12d-2d1c-4729-ad42-6d82d87779c5-0.13339152586583047.MOV', '0703c12d-2d1c-4729-ad42-6d82d87779c5', '2024-12-10 07:10:50.336108+00', '2024-12-10 07:10:50.336108+00', '2024-12-10 07:10:50.336108+00', '{"eTag": "\"1e3a14872be8896056371b1266d10669-6\"", "size": 31405009, "mimetype": "video/quicktime", "cacheControl": "max-age=3600", "lastModified": "2024-12-10T07:10:50.000Z", "contentLength": 31405009, "httpStatusCode": 200}', 'd06f3351-ec6d-4747-a22a-9753300d5c31', '0703c12d-2d1c-4729-ad42-6d82d87779c5', '{}'),
	('f5a0a35e-40d6-486b-a005-f45703b9e67b', 'posts', '0703c12d-2d1c-4729-ad42-6d82d87779c5-0.5888815744776348.mov', '0703c12d-2d1c-4729-ad42-6d82d87779c5', '2024-12-10 07:32:46.27818+00', '2024-12-10 07:32:46.27818+00', '2024-12-10 07:32:46.27818+00', '{"eTag": "\"01effb6180ec20be99c39a6b31258634-3\"", "size": 11958412, "mimetype": "video/quicktime", "cacheControl": "max-age=3600", "lastModified": "2024-12-10T07:32:46.000Z", "contentLength": 11958412, "httpStatusCode": 200}', '02a48142-0505-41f0-84a8-9c6e3107aa59', '0703c12d-2d1c-4729-ad42-6d82d87779c5', '{}'),
	('309900d3-c845-474f-a63c-da91c3f64afd', 'posts', '39292e4e-83a9-4a1f-80a9-9b1d814a1fba-0.5965311698465667.MOV', '39292e4e-83a9-4a1f-80a9-9b1d814a1fba', '2024-12-10 07:36:27.357974+00', '2024-12-10 07:36:27.357974+00', '2024-12-10 07:36:27.357974+00', '{"eTag": "\"5c65a1413c83247ae91c54277a52b738-8\"", "size": 38349124, "mimetype": "video/quicktime", "cacheControl": "max-age=3600", "lastModified": "2024-12-10T07:36:26.000Z", "contentLength": 38349124, "httpStatusCode": 200}', '9992242e-24d3-4b23-9a36-0503f8119e70', '39292e4e-83a9-4a1f-80a9-9b1d814a1fba', '{}'),
	('e12be728-ccad-4eed-886f-9c9d4fc441ba', 'posts', '39292e4e-83a9-4a1f-80a9-9b1d814a1fba-0.7363823470875404.MOV', '39292e4e-83a9-4a1f-80a9-9b1d814a1fba', '2024-12-10 07:43:58.366321+00', '2024-12-10 07:43:58.366321+00', '2024-12-10 07:43:58.366321+00', '{"eTag": "\"f61c6a05d90de042271ab217f8ba7251-7\"", "size": 35690246, "mimetype": "video/quicktime", "cacheControl": "max-age=3600", "lastModified": "2024-12-10T07:43:57.000Z", "contentLength": 35690246, "httpStatusCode": 200}', 'e7c72a4e-34d9-497d-8e63-2ddcef931003', '39292e4e-83a9-4a1f-80a9-9b1d814a1fba', '{}'),
	('9132d429-3f31-4807-9965-8ec2280bae38', 'posts', '0703c12d-2d1c-4729-ad42-6d82d87779c5-0.19813293882070293.MOV', '0703c12d-2d1c-4729-ad42-6d82d87779c5', '2024-12-10 07:49:42.031213+00', '2024-12-10 07:49:42.031213+00', '2024-12-10 07:49:42.031213+00', '{"eTag": "\"a6284f6e2219701b9707516cb48f19a3-6\"", "size": 29286461, "mimetype": "video/quicktime", "cacheControl": "max-age=3600", "lastModified": "2024-12-10T07:49:41.000Z", "contentLength": 29286461, "httpStatusCode": 200}', '0f2ba5b5-c140-4000-a7ae-20614e4d2b95', '0703c12d-2d1c-4729-ad42-6d82d87779c5', '{}'),
	('0211b13d-240e-4867-a04b-1bf478efe8f6', 'posts', '0703c12d-2d1c-4729-ad42-6d82d87779c5-0.2372087201889761.MOV', '0703c12d-2d1c-4729-ad42-6d82d87779c5', '2024-12-10 07:53:47.907251+00', '2024-12-10 07:53:47.907251+00', '2024-12-10 07:53:47.907251+00', '{"eTag": "\"e505719e37d5a8d0b15200f8a39a6891-3\"", "size": 12126203, "mimetype": "video/quicktime", "cacheControl": "max-age=3600", "lastModified": "2024-12-10T07:53:48.000Z", "contentLength": 12126203, "httpStatusCode": 200}', '55e4301b-5b0d-4b64-9e76-8757adf0a28f', '0703c12d-2d1c-4729-ad42-6d82d87779c5', '{}'),
	('7bc528aa-c3a9-438c-8f47-a0237c85d68b', 'posts', '0703c12d-2d1c-4729-ad42-6d82d87779c5-0.37245609700883.MOV', '0703c12d-2d1c-4729-ad42-6d82d87779c5', '2024-12-10 07:57:32.425095+00', '2024-12-10 07:57:32.425095+00', '2024-12-10 07:57:32.425095+00', '{"eTag": "\"946d8bf9c1481043fe57d3fe26d0a9c7-3\"", "size": 12195864, "mimetype": "video/quicktime", "cacheControl": "max-age=3600", "lastModified": "2024-12-10T07:57:32.000Z", "contentLength": 12195864, "httpStatusCode": 200}', '70c970d9-cd5f-4bad-b236-ec76e90164f5', '0703c12d-2d1c-4729-ad42-6d82d87779c5', '{}'),
	('0aa4efb8-d852-4247-bb1a-15c784b376c5', 'posts', '0703c12d-2d1c-4729-ad42-6d82d87779c5-0.13239543418886734.png', '0703c12d-2d1c-4729-ad42-6d82d87779c5', '2024-12-10 08:09:11.818288+00', '2024-12-10 08:09:11.818288+00', '2024-12-10 08:09:11.818288+00', '{"eTag": "\"3364bd7b6c76f0e479c05958a2c28c33\"", "size": 229803, "mimetype": "image/png", "cacheControl": "max-age=3600", "lastModified": "2024-12-10T08:09:12.000Z", "contentLength": 229803, "httpStatusCode": 200}', 'dc2599fe-4ac8-4fb5-bcfd-3b699228f087', '0703c12d-2d1c-4729-ad42-6d82d87779c5', '{}'),
	('1e5a39bd-4e37-4165-8266-57eab9180f48', 'posts', '0703c12d-2d1c-4729-ad42-6d82d87779c5-0.3338122888531083.MOV', '0703c12d-2d1c-4729-ad42-6d82d87779c5', '2024-12-10 08:11:27.112122+00', '2024-12-10 08:11:27.112122+00', '2024-12-10 08:11:27.112122+00', '{"eTag": "\"134ce639ced141e1d3ab5b26bcd02584-7\"", "size": 32569560, "mimetype": "video/quicktime", "cacheControl": "max-age=3600", "lastModified": "2024-12-10T08:11:26.000Z", "contentLength": 32569560, "httpStatusCode": 200}', '71b12b26-df35-4fc0-8fb8-2f991d55ce2e', '0703c12d-2d1c-4729-ad42-6d82d87779c5', '{}'),
	('5534c20e-3885-4268-9346-423735b189ee', 'posts', '0703c12d-2d1c-4729-ad42-6d82d87779c5-0.8445544805982923.mov', '0703c12d-2d1c-4729-ad42-6d82d87779c5', '2024-12-10 08:25:53.644318+00', '2024-12-10 08:25:53.644318+00', '2024-12-10 08:25:53.644318+00', '{"eTag": "\"f1b6eea93fadd146d157ae89066bd60a-2\"", "size": 7556655, "mimetype": "video/quicktime", "cacheControl": "max-age=3600", "lastModified": "2024-12-10T08:25:54.000Z", "contentLength": 7556655, "httpStatusCode": 200}', '092050e4-2d83-4511-b705-e15d8be619be', '0703c12d-2d1c-4729-ad42-6d82d87779c5', '{}'),
	('4fc98bb6-1e13-4cf3-b972-a58171bbcb1e', 'posts', '39292e4e-83a9-4a1f-80a9-9b1d814a1fba-0.7578295171630656.jpeg', '39292e4e-83a9-4a1f-80a9-9b1d814a1fba', '2024-12-10 09:26:14.643923+00', '2024-12-10 09:26:14.643923+00', '2024-12-10 09:26:14.643923+00', '{"eTag": "\"f922067867870a2d3f0abf8a3d293930\"", "size": 2583278, "mimetype": "image/jpeg", "cacheControl": "max-age=3600", "lastModified": "2024-12-10T09:26:15.000Z", "contentLength": 2583278, "httpStatusCode": 200}', 'f88cfbff-0330-44d4-abb9-ed04e2cbccc7', '39292e4e-83a9-4a1f-80a9-9b1d814a1fba', '{}'),
	('24e1fff9-e3ca-4f8e-916d-527f1fa32bd5', 'posts', '0703c12d-2d1c-4729-ad42-6d82d87779c5-0.6931185624523997.m4v', '0703c12d-2d1c-4729-ad42-6d82d87779c5', '2024-12-10 16:07:08.500569+00', '2024-12-10 16:07:08.500569+00', '2024-12-10 16:07:08.500569+00', '{"eTag": "\"518c67a74d8a9eb80f338ac55a942a1b-4\"", "size": 20360824, "mimetype": "video/mp4", "cacheControl": "max-age=3600", "lastModified": "2024-12-10T16:07:08.000Z", "contentLength": 20360824, "httpStatusCode": 200}', '9f986654-1754-4ba3-997d-87bcbae3fc8f', '0703c12d-2d1c-4729-ad42-6d82d87779c5', '{}'),
	('2e88727f-229f-4e48-89c7-ae7fec18152a', 'posts', '0703c12d-2d1c-4729-ad42-6d82d87779c5-0.3293282292974009.mov', '0703c12d-2d1c-4729-ad42-6d82d87779c5', '2024-12-10 16:14:01.034775+00', '2024-12-10 16:14:01.034775+00', '2024-12-10 16:14:01.034775+00', '{"eTag": "\"9740d9179abb3653f5d3a17600ca5a7c-5\"", "size": 22738516, "mimetype": "video/quicktime", "cacheControl": "max-age=3600", "lastModified": "2024-12-10T16:14:00.000Z", "contentLength": 22738516, "httpStatusCode": 200}', '7cada3a7-269d-4c84-8052-444a5cb441f7', '0703c12d-2d1c-4729-ad42-6d82d87779c5', '{}'),
	('e34c28dc-d88f-4d22-b8d3-216857564795', 'posts', '0703c12d-2d1c-4729-ad42-6d82d87779c5-0.8893537358360175.MOV', '0703c12d-2d1c-4729-ad42-6d82d87779c5', '2024-12-10 16:17:31.831993+00', '2024-12-10 16:17:31.831993+00', '2024-12-10 16:17:31.831993+00', '{"eTag": "\"c9f2cddb7aba6e41c1ea89610be542ed-5\"", "size": 22687334, "mimetype": "video/quicktime", "cacheControl": "max-age=3600", "lastModified": "2024-12-10T16:17:31.000Z", "contentLength": 22687334, "httpStatusCode": 200}', '5308ec6b-2e4d-4668-ab8a-784d26621630', '0703c12d-2d1c-4729-ad42-6d82d87779c5', '{}'),
	('4f931f1c-2086-4a9e-b7d9-a5d37948b4ff', 'posts', '0703c12d-2d1c-4729-ad42-6d82d87779c5-0.07624197471756067.mp4', '0703c12d-2d1c-4729-ad42-6d82d87779c5', '2024-12-10 16:26:54.347804+00', '2024-12-10 16:26:54.347804+00', '2024-12-10 16:26:54.347804+00', '{"eTag": "\"cd7e5aa3c6da8c5a2face6849bbc463b-7\"", "size": 34849403, "mimetype": "video/mp4", "cacheControl": "max-age=3600", "lastModified": "2024-12-10T16:26:53.000Z", "contentLength": 34849403, "httpStatusCode": 200}', '675ec98c-4e4a-4214-a3d1-4e5fba5df96b', '0703c12d-2d1c-4729-ad42-6d82d87779c5', '{}'),
	('f7755c92-e64a-438b-85bb-17cf92cc4c32', 'posts', '39292e4e-83a9-4a1f-80a9-9b1d814a1fba-0.07091944134171246.webp', '39292e4e-83a9-4a1f-80a9-9b1d814a1fba', '2024-12-10 17:39:54.049087+00', '2024-12-10 17:39:54.049087+00', '2024-12-10 17:39:54.049087+00', '{"eTag": "\"a90c0475ce33a93c9f4003cf37f63abe\"", "size": 51708, "mimetype": "image/webp", "cacheControl": "max-age=3600", "lastModified": "2024-12-10T17:39:54.000Z", "contentLength": 51708, "httpStatusCode": 200}', '3bbf875c-172f-4a47-a13a-cc2fcf926792', '39292e4e-83a9-4a1f-80a9-9b1d814a1fba', '{}'),
	('12c81b6d-e431-4e73-9891-d771bdd7aa14', 'posts', '104dd065-416e-4ea5-ae0f-1221d5c35252-0.28227406151241075.jpeg', '104dd065-416e-4ea5-ae0f-1221d5c35252', '2024-12-10 21:00:13.697143+00', '2024-12-10 21:00:13.697143+00', '2024-12-10 21:00:13.697143+00', '{"eTag": "\"bf7372ae1f3798f0fb5eb3ddab40eff5\"", "size": 575493, "mimetype": "image/jpeg", "cacheControl": "max-age=3600", "lastModified": "2024-12-10T21:00:14.000Z", "contentLength": 575493, "httpStatusCode": 200}', 'b1cd847f-23b6-4789-84e4-2c1f60978167', '104dd065-416e-4ea5-ae0f-1221d5c35252', '{}'),
	('0bc08e20-de92-4e3a-a48e-9c84c79dd216', 'posts', '39292e4e-83a9-4a1f-80a9-9b1d814a1fba-0.11102238673248588.gif', '39292e4e-83a9-4a1f-80a9-9b1d814a1fba', '2024-12-11 08:16:49.61657+00', '2024-12-11 08:16:49.61657+00', '2024-12-11 08:16:49.61657+00', '{"eTag": "\"6adc3b271aa8f70dd47ec8c78c2f991a\"", "size": 35463, "mimetype": "image/gif", "cacheControl": "max-age=3600", "lastModified": "2024-12-11T08:16:50.000Z", "contentLength": 35463, "httpStatusCode": 200}', 'f044636e-410a-4a52-9c76-565b26a76c54', '39292e4e-83a9-4a1f-80a9-9b1d814a1fba', '{}'),
	('44b5d59d-a7eb-4aa1-b2bd-8ebf07d32147', 'posts', '39292e4e-83a9-4a1f-80a9-9b1d814a1fba-0.8116760788256707.jpg', '39292e4e-83a9-4a1f-80a9-9b1d814a1fba', '2024-12-12 23:11:11.272762+00', '2024-12-12 23:11:11.272762+00', '2024-12-12 23:11:11.272762+00', '{"eTag": "\"292904d4214bd5423b4d74b191e5d528\"", "size": 683094, "mimetype": "image/jpeg", "cacheControl": "max-age=3600", "lastModified": "2024-12-12T23:11:12.000Z", "contentLength": 683094, "httpStatusCode": 200}', 'f91921d8-c748-4da6-a290-d52a4b76c1cd', '39292e4e-83a9-4a1f-80a9-9b1d814a1fba', '{}');


--
-- Data for Name: s3_multipart_uploads; Type: TABLE DATA; Schema: storage; Owner: supabase_storage_admin
--



--
-- Data for Name: s3_multipart_uploads_parts; Type: TABLE DATA; Schema: storage; Owner: supabase_storage_admin
--



--
-- Data for Name: secrets; Type: TABLE DATA; Schema: vault; Owner: supabase_admin
--



--
-- Name: refresh_tokens_id_seq; Type: SEQUENCE SET; Schema: auth; Owner: supabase_auth_admin
--

SELECT pg_catalog.setval('"auth"."refresh_tokens_id_seq"', 277, true);


--
-- Name: key_key_id_seq; Type: SEQUENCE SET; Schema: pgsodium; Owner: supabase_admin
--

SELECT pg_catalog.setval('"pgsodium"."key_key_id_seq"', 1, false);


--
-- PostgreSQL database dump complete
--

RESET ALL;
